"","date","Station","ymd","t2m_mean","d2m_mean","u10_mean","v10_mean","blh_mean","sp_mean","tp_mean","e_mean","fal_mean","wind_direction_mean","wind_speed_mean","bc_mean","bc_mean_log"
"1",2016-01-01,"changping","2016-01-01",-0.13595258190625,-6.616289288,0.05257406,-0.02096968309375,111.853556389687,97732.8569590625,-1.73e-18,-1.762740625e-05,0.12716566865625,-79.1577960762187,0.977206825,6894.40625,8.838465673394
"2",2016-01-02,"changping","2016-01-02",-0.859409049395833,-6.34333635795833,0.0742426284375,-0.698256769145833,74.4653351870833,97546.4612666667,-1.73e-18,-1.23113833333333e-05,0.127261059083333,-81.1637754555,1.10677851702083,8869.33333333333,9.0903549127646
"3",2016-01-03,"changping","2016-01-03",-1.2326554791087,-4.46574452963043,-0.657740407913043,-0.681017125913044,132.304917440652,97739.2887784783,2.66086956505191e-08,-1.01327391304348e-05,0.127389695391304,-7.030732004,1.41953097408696,5393,8.59285709533723
"4",2016-01-04,"changping","2016-01-04",-1.847923162,-9.96853193752273,-0.316113060909091,-0.417468076045455,318.961391324318,98163.5227143182,2.40249999999914e-06,-1.50114136363636e-05,0.126851249954545,-30.2269093905455,1.20110904640909,537.715909090909,6.28733037067738
"5",2016-01-05,"changping","2016-01-05",-3.25998402165957,-12.6602582508085,0.535616029170213,0.634595516170213,338.293333106383,98339.7044748936,2.5085957446796e-06,-1.77266382978723e-05,0.12959822993617,-11.5093449665957,1.4876576542766,1047.5914893617,6.95424898866175
"6",2016-01-06,"changping","2016-01-06",-3.27601691478723,-14.7334226416809,0.671250593446808,-1.08775693123404,384.425380145957,98431.6383097872,-1.73e-18,-1.67713617021277e-05,0.127340071276596,-88.5302023715745,1.71422391597872,656,6.48616078894409
"7",2016-01-07,"changping","2016-01-07",-4.977086121,-15.3571437765957,0.967977721404255,-0.406559366106383,367.025406870638,98462.3529544681,-1.73e-18,-1.39366808510638e-05,0.12745472912766,-17.5179917558511,1.67171016074468,580.531914893617,6.36394477791027
"8",2016-01-08,"changping","2016-01-08",-4.85058711317021,-15.6151212214894,0.698207786255319,-0.184556074808511,255.237672188723,98129.1297648936,-1.73e-18,-1.42496382978723e-05,0.127570170531915,-53.7801412402128,1.56784765885106,1570.48936170213,7.35914254512712
"9",2016-01-09,"changping","2016-01-09",-3.82743947693617,-13.6088510078723,0.598657579148936,0.0159555794680851,170.528899254681,97898.4625221277,-1.73e-18,-1.40872765957447e-05,0.127677776404255,-79.7113753338511,1.28186477008511,4466.27659574468,8.40431036414657
"10",2016-01-10,"changping","2016-01-10",-3.73326568721277,-13.2903634759574,-1.10975333904255,-1.1426855807234,311.119202897872,98377.5627846808,5.99191489360303e-07,-1.29014255319149e-05,0.127957499808511,35.0546598031489,2.03574583023404,1766.04255319149,7.47649647667853
"11",2016-01-11,"changping","2016-01-11",-6.65693379568085,-17.8532773740426,-0.196141166574468,-0.724507107425532,433.417769222979,98839.309702766,-1.73e-18,-1.22748085106383e-05,0.128068762510638,-46.8653001868085,1.40652718768085,614.851063829787,6.4213800658435
"12",2016-01-12,"changping","2016-01-12",-7.70882648929787,-19.6687650217021,1.02951064912766,-0.60758296487234,304.938537817234,98511.4792682979,-1.73e-18,-1.1724170212766e-05,0.128034025319149,-41.8187517338298,1.66348686270213,568.723404255319,6.34339420742291
"13",2016-01-13,"changping","2016-01-13",-5.0797173916383,-20.8120725755319,1.06326607078723,-0.605173813680851,257.20096301383,97796.6380551064,-1.73e-18,-1.35144468085106e-05,0.12814267606383,-133.46483797917,1.54359282282979,1617.48936170213,7.3886304493532
"14",2016-01-14,"changping","2016-01-14",-2.58678411255319,-18.9930690534043,1.29042685770213,-0.246882826212766,271.832238026809,97477.3753568085,-1.73e-18,-1.85644042553191e-05,0.128249760042553,-51.8433250821277,1.59537802470213,2384.93617021277,7.77692763995079
"15",2016-01-15,"changping","2016-01-15",-3.06922372519149,-15.376666143617,-0.232366957085106,-0.39101030212766,218.915029733404,97209.3322712766,-1.73e-18,-1.75541063829787e-05,0.128333337148936,-82.1647459995745,1.43304086457447,5397.9829787234,8.59378064031685
"16",2016-01-16,"changping","2016-01-16",-4.0567513577234,-9.09652409840426,-1.42151954461702,-0.954299988,285.416659572766,97573.1456080851,1.13352765957438e-05,-9.744e-06,0.129385629829787,70.9044717802128,1.94959765561702,4063.25531914894,8.30973973406972
"17",2016-01-17,"changping","2016-01-17",-6.62502366857447,-14.9460637837447,-0.582885895212766,-0.718052589659574,586.587938058298,97910.79663,2.84035744680843e-05,-1.00476e-05,0.153980387978723,29.6606522836383,1.87374982393617,868.102127659574,6.7663093663331
"18",2016-01-18,"changping","2016-01-18",-9.13645444359574,-22.7972706595745,1.75033976291489,-1.38434353123404,799.072752955957,97973.1519555319,1.21702127657918e-07,-9.81089361702128e-06,0.131877021702128,-93.0105962570213,2.41420160759574,1054.87234042553,6.96117503425256
"19",2016-01-19,"changping","2016-01-19",-8.68628816308511,-20.3405981506383,0.147362678297872,0.0362928316595745,289.274508392979,98391.2742631915,-1.73e-18,-1.0231914893617e-05,0.130563810808511,-26.9301215377021,1.31202190131915,2565.8085106383,7.85002891676285
"20",2016-01-20,"changping","2016-01-20",-6.51165191602128,-16.2913954580851,-0.696947162,0.0942228819361702,312.677146415106,98696.0862146809,1.92604255319075e-06,-8.86091489361702e-06,0.130793126425532,-18.4595897683191,1.24443053091489,4558.48936170213,8.4247465672945
"21",2016-01-21,"changping","2016-01-21",-6.99269116021739,-13.0299502613043,-1.24641770195652,-1.01692286421739,362.170472694348,98548.4240806522,1.54314565217388e-05,-6.94835869565217e-06,0.131918799021739,70.181162865,1.85734085504348,2460.18043478261,7.80798997370922
"22",2016-01-22,"changping","2016-01-22",-10.726953762617,-23.3746608675745,0.951694030510638,-2.75163726917021,1173.98904120213,99360.5638174468,1.2419659574467e-05,-7.44027659574468e-06,0.146892496659574,-43.9837580213617,3.23607469685106,459.191489361702,6.12946731121362
"23",2016-01-23,"changping","2016-01-23",-15.9075239821277,-29.5290640638298,1.89879761576596,-3.22629026391489,1146.45714795723,99471.0416148936,8.68085106213660e-09,-4.70410638297872e-06,0.127360965702128,-70.2044779010638,4.08685937214894,289.625531914894,5.66858881931501
"24",2016-01-24,"changping","2016-01-24",-11.6354843734255,-25.343112276383,2.15821463108511,-1.29716236895745,575.895581353404,99116.6909138298,-1.73e-18,-8.20123404255319e-06,0.14724064906383,-48.1172011204255,2.90210274855319,512.525531914894,6.23935052814219
"25",2016-01-25,"changping","2016-01-25",-6.77245883274468,-20.5901097346809,1.34238946357447,-0.477247880085106,207.841999043191,98344.4513546808,-1.73e-18,-9.92176595744681e-06,0.185687066191489,-72.6025459808298,1.8458716987234,1082,6.98656645940643
"26",2016-01-26,"changping","2016-01-26",-5.65918454468085,-20.7676615023404,1.1853136063617,-0.274598104212766,319.062247536383,98137.5107306383,-1.73e-18,-1.13914468085106e-05,0.136645377276596,-39.2833371324681,1.86355580440426,2290.08510638298,7.73634426021709
"27",2016-01-27,"changping","2016-01-27",-5.77625038291304,-18.4370838558696,0.228787076717391,0.196618794826087,237.37710486413,98039.6752643478,-1.73e-18,-1.13328260869565e-05,0.126195241673913,-71.4831761199565,1.23547154597826,4698.86956521739,8.45507724073019
"28",2016-01-28,"changping","2016-01-28",-3.48377000244681,-15.4457808757447,-0.793008680361702,-1.12597209355319,261.374277795319,98290.3991757447,-1.73e-18,-1.21056808510638e-05,0.125365031234043,22.5784042700426,1.80153907370213,3342.6170212766,8.11450931846845
"29",2016-01-29,"changping","2016-01-29",-6.63638678691489,-15.2761166996383,-1.28514952706383,-0.124257025617021,380.056441255745,98785.8644997872,3.99319148934882e-07,-7.73688085106383e-06,0.124543882659574,32.6996755587021,1.91711175734043,3260.31914893617,8.08958036801569
"30",2016-01-30,"changping","2016-01-30",-8.21329187255319,-13.7845985759574,-0.0875675130212766,0.162341634574468,372.781338496596,98831.8703274468,6.17203191489357e-05,-5.05410212765957e-06,0.16406244193617,20.877059279617,1.23696475508511,894.623404255319,6.79640285235486
"31",2016-01-31,"changping","2016-01-31",-7.45951240708511,-18.3258389457447,1.09259934357447,-0.361688923319149,349.172502094255,99006.2987159574,-1.73e-18,-9.02598085106383e-06,0.153384115042553,-53.494200445383,1.76524780080851,778.702127659574,6.65762859490176
"32",2016-02-01,"changping","2016-02-01",-11.9397576688889,-19.6115009522222,0.819483200444444,-1.19869388666667,21.6473831311111,96675.6368344444,-1.73e-18,-3.26888888888889e-07,0.102990212333333,-107.548793197778,1.45509875077778,662.222222222222,6.49560118272318
"33",2016-02-07,"changping","2016-02-07",-0.873218183217391,-17.7255703965217,1.63630432304348,-0.827190634608696,492.783677528696,95219.4770526087,-1.73e-18,-1.5824347826087e-05,0.0984885059130435,-164.565812313043,1.93677035326087,1786.21739130435,7.4878554736845
"34",2016-02-08,"changping","2016-02-08",2.75242440683333,-15.0225215695833,1.344083520625,-1.745861359375,693.38828548,94832.8142566667,-1.73e-18,-2.58922083333333e-05,0.098044744375,-120.230211684583,2.246823684375,879.041666666667,6.77883229891288
"35",2016-02-09,"changping","2016-02-09",2.42462784245833,-12.5245770261667,0.379015152291667,0.814495542625,262.9871488075,95402.38311375,-1.73e-18,-2.46129583333333e-05,0.0976105008333333,-56.6307040250417,1.49623275020833,3592.66666666667,8.18665000982533
"36",2016-02-10,"changping","2016-02-10",2.22481012883333,-9.793122568875,-0.241867348125,-0.16374577575,158.46717363,95064.8783241667,-1.73e-18,-2.37468333333333e-05,0.0971931356666667,-45.6763720227083,1.08538132591667,3825.83333333333,8.24953158745527
"37",2016-02-11,"changping","2016-02-11",2.83523724008333,-2.65243021175,-0.097416380125,-0.366400152416667,134.149126312083,94952.2903716667,1.87249999999992e-05,-2.03725e-05,0.102956966291667,-44.0707450788333,0.880806512875,6226.33333333333,8.73654288849119
"38",2016-02-12,"changping","2016-02-12",2.49016683308333,0.639901012708333,-0.0860050675833333,-0.492761810666667,134.42868377125,94947.5204704167,0.000210204541666666,-1.49827666666667e-05,0.0964208059583333,-59.9036276119167,1.11631138333333,3961.45833333333,8.28436750244851
"39",2016-02-13,"changping","2016-02-13",-2.40602209717391,-10.452705107913,1.67031186486957,-5.08451971691304,919.587331347826,95622.4306626087,0.000211640956521738,-4.01907826086956e-05,0.135958486304348,-49.6651778285652,5.39817780695652,287.14347826087,5.65998201509302
"40",2016-02-14,"changping","2016-02-14",-6.95806616254167,-20.6699735266667,2.40468931820833,-3.872071213875,1335.25910645,96087.8468529167,-1.73e-18,-1.45529166666667e-05,0.0955482266666667,-103.58981216875,4.58247662379167,305.416666666667,5.72167696453275
"41",2016-02-15,"changping","2016-02-15",-4.03680536645833,-17.0343306379167,2.13196264066667,-1.766915083,1182.64834619583,95687.96760625,-1.73e-18,-1.26368333333333e-05,0.09515234375,-160.869804770833,2.77416076904167,195.333333333333,5.2747075009089
"42",2016-02-16,"changping","2016-02-16",0.203110084166667,-13.6105000391667,1.84021710875,-1.90652623670833,902.880359627917,95472.6058104167,-1.73e-18,-2.53043333333333e-05,0.0951630850416667,-142.110728304583,2.67122848625,846,6.74051935960622
"43",2016-02-17,"changping","2016-02-17",1.25452823370833,-10.662567625625,1.36107123508333,0.129138845541667,380.073404188333,95451.8956,-1.73e-18,-3.48685e-05,0.0953727903333333,-30.574956825,1.841655410375,1278.45833333333,7.1534102039251
"44",2016-02-18,"changping","2016-02-18",2.403492788,-14.622995395,1.50891974595833,-1.597404103125,618.2701617525,95303.2819429167,1.19166666665009e-07,-3.71963333333333e-05,0.09560653525,-139.976936205417,2.213607856,1345.04166666667,7.20418027049043
"45",2016-02-19,"changping","2016-02-19",0.773195483695652,-13.9569077060435,0.923475416304348,-2.2714283876087,1054.03420981304,95991.894916087,1.45547826086836e-06,-4.03346086956522e-05,0.0964780025217391,-54.4655226556957,2.52509586430435,567.565217391304,6.34135566326601
"46",2016-02-20,"changping","2016-02-20",-2.904555794875,-18.3458364583333,1.68295149516667,-1.13172561533333,1168.58073896458,96105.6920733333,-1.73e-18,-3.0733375e-05,0.0960893690833333,-131.991288417208,2.20392113325,1160.83333333333,7.05689341698585
"47",2016-02-21,"changping","2016-02-21",-3.39056043470833,-12.1105555702083,0.6044901325,1.43787054916667,435.946930680417,95750.8754391667,-1.73e-18,-1.91310833333333e-05,0.0963123731666667,-52.5762274320833,2.10278235358333,3952,8.28197705886776
"48",2016-02-22,"changping","2016-02-22",-1.30535361604167,-13.559721259,1.14774616366667,-1.61828090483333,892.25372497375,95902.6741116667,-1.73e-18,-2.33414583333333e-05,0.096526170125,-99.2388517045833,2.03364454766667,1253.54166666667,7.13372815730651
"49",2016-02-23,"changping","2016-02-23",-2.333392437,-18.84622891,1.07856136817391,-2.17770585582609,1137.23338972957,96808.9334504348,-1.73e-18,-2.66804347826087e-05,0.0967763489130435,-59.3458739613043,2.5649474366087,1057.30434782609,6.96347787992721
"50",2016-02-24,"changping","2016-02-24",-2.22325512408333,-17.9333098279167,1.79198677145833,-0.519929174,900.58177613125,96565.1112675,-1.73e-18,-2.3075e-05,0.09700695825,-89.5612131975,2.05765342329167,1437.16666666667,7.27042886172427
"51",2016-02-25,"changping","2016-02-25",-1.60713780583333,-14.5253787410417,0.63436635225,0.129040555375,541.812923263333,96364.485875,-1.73e-18,-2.8005375e-05,0.097252467125,-54.7488707594167,1.76066593291667,1240.58333333333,7.12333697808906
"52",2016-02-26,"changping","2016-02-26",-0.380898209125,-12.944577785125,0.831276121291667,0.647893947583333,431.12197613375,95752.7955908333,4.07749999998558e-07,-3.44107916666667e-05,0.097495929875,-55.1361989170833,2.061534824,1421.375,7.25937999194489
"53",2016-02-27,"changping","2016-02-27",0.222670170625,-7.081055549875,-0.0482443325416667,0.195681193375,455.443474740833,95656.8337154167,3.20995833333325e-05,-3.0763e-05,0.103657177875,0.896341295374999,1.603375050625,1671,7.42117752859539
"54",2016-02-28,"changping","2016-02-28",-1.210957147375,-12.9147718641667,1.16827914025,-2.75264610133333,1331.26247023625,96093.881615,5.81666666666515e-06,-4.1097875e-05,0.122310732083333,-65.1023127070833,3.068816961125,1010.70833333333,6.91840668415728
"55",2016-02-29,"changping","2016-02-29",-2.31414601879167,-14.7346090579167,0.279581627666667,1.10305540254167,493.694527652083,96370.3072891667,-1.73e-18,-3.05962916666667e-05,0.098155735,-31.8927673372083,1.59652057379167,2910.70833333333,7.97615174406188
"56",2016-03-01,"changping","2016-03-01",-3.038377269,-10.94296071,1.847806186,0.766687274,93.11285288,95908.99842,-1.73e-18,-2.5e-06,0.098272352,211.9493658,2.000549193,3974,8.28752842311176
"57",2016-03-04,"changping","2016-03-04",4.6575569396087,0.287636149608696,-0.738963520130435,-1.61766808782609,254.422456718261,95115.653686087,3.72608695650594e-07,-2.93431304347826e-05,0.0990270243478261,77.1417530391304,2.18861818995652,6260,8.74193546409414
"58",2016-03-05,"changping","2016-03-05",4.4567938035,-12.5970534285417,1.77638392504167,-0.89333298475,1154.84791028958,95257.6554779167,-1.73e-18,-6.75170416666667e-05,0.0992712654583333,-101.617148665417,2.21532672995833,1642.5,7.40397475035877
"59",2016-03-06,"changping","2016-03-06",2.52436550695652,-7.56170015065217,-0.340988575,-0.25148116273913,244.572670677826,95043.1570204348,-1.73e-18,-4.64422608695652e-05,0.0995319185217391,-88.5047898794348,1.19174817395652,3033.26086956522,8.01739351439716
"60",2016-03-07,"changping","2016-03-07",3.42468171316667,-13.9288073435417,1.14047099025,-2.517556015875,1099.44376426375,95419.1006266667,-1.73e-18,-6.7384125e-05,0.0997392665,-72.6748540687083,2.89280946716667,424.445833333333,6.05078439651036
"61",2016-03-08,"changping","2016-03-08",-0.547489178458333,-18.6679940716667,-0.0609112589583333,-1.24428735370833,1001.15688492125,96135.4391875,7.65499999998847e-07,-5.12110833333333e-05,0.100226192416667,5.1495254305,1.47335566158333,506.416666666667,6.22735978234735
"62",2016-03-09,"changping","2016-03-09",-1.67359129416667,-20.5772943266667,1.289889018375,-2.269393356625,1356.00503068083,96388.35062,-1.73e-18,-4.88810416666667e-05,0.100223123541667,-88.241147946875,2.7965921455,667.083333333333,6.50291497564282
"63",2016-03-10,"changping","2016-03-10",-0.638735711333333,-17.9856287325,1.50498672083333,-1.516511411375,1239.16727086458,96194.2781279167,-1.73e-18,-5.23196666666667e-05,0.100456356875,-138.370103816667,2.22873728479167,655.666666666667,6.48565252972095
"64",2016-03-11,"changping","2016-03-11",-0.0472082160416666,-14.1020259484167,0.8083611715,0.5144357495,770.466762764583,95606.528785,-1.73e-18,-5.4541375e-05,0.100678849333333,-13.7905743954167,1.84974182391667,1984.75,7.59324824060522
"65",2016-03-12,"changping","2016-03-12",1.270633551625,-8.830273548875,0.695466729583333,1.04618479320833,319.226515969583,95049.2275629167,-1.73e-18,-4.82400416666667e-05,0.10090134175,35.2110079954167,1.99655574870833,3703.83333333333,8.21712359835341
"66",2016-03-13,"changping","2016-03-13",4.23391042941667,-14.2840776145833,1.334666417875,-1.61104675879167,952.57946285875,95683.12150875,-1.73e-18,-6.74185833333333e-05,0.1011233225,-46.7852133483333,2.53426519566667,1882.5,7.54035595967405
"67",2016-03-14,"changping","2016-03-14",5.126307616875,-9.27056770029167,0.900519522833333,0.871326836083333,518.76496412125,95586.3367108333,-1.73e-18,-7.3569125e-05,0.101348372208333,-13.8265591935833,2.13235388670833,3597.45833333333,8.18798285657724
"68",2016-03-15,"changping","2016-03-15",6.34787311533333,-5.88007624616667,0.982946868041667,1.03065496904167,240.657065609167,95101.98602125,-1.73e-18,-4.73390416666667e-05,0.101574445208333,-7.53044680529167,1.900105733625,6196.25,8.73169954933478
"69",2016-03-16,"changping","2016-03-16",6.81116773258333,-0.854109449958333,0.766076534333333,1.162422578625,260.712724554583,95007.99001625,-1.73e-18,-6.78659166666667e-05,0.101982092083333,-16.2167397105833,2.04239822416667,9540.70833333333,9.16332301046311
"70",2016-03-17,"changping","2016-03-17",9.11478704720833,1.68935933558333,0.874908696666667,0.817994667583333,259.497857600833,94642.5820675,-1.73e-18,-6.74500458333333e-05,0.102458788041667,-69.1673417974167,1.91069588495833,9660.91666666667,9.17584381573418
"71",2016-03-18,"changping","2016-03-18",11.5211349209583,0.266375748208333,-0.273590058625,-0.473437991375,398.451718405833,94720.1958229167,-1.73e-18,-8.68968333333333e-05,0.1029528745,-61.4088481945833,1.59231769845833,2220.25,7.70537508113861
"72",2016-03-19,"changping","2016-03-19",8.58067693395238,-3.77494086657143,-0.62718775347619,0.578846608,438.292846749048,95557.3624466667,-1.73e-18,-6.94420476190476e-05,0.103419268333333,31.801027226619,2.11949044780952,2247.33333333333,7.7174996071259
"73",2016-03-21,"changping","2016-03-21",9.68754886968182,0.364692460318182,0.803122173909091,1.12584975331818,330.294292903182,95610.4854604545,-1.73e-18,-7.64515e-05,0.104444666181818,-39.4368693522727,1.91338008427273,4939.95454545455,8.50511140881465
"74",2016-03-22,"changping","2016-03-22",9.109960533375,1.108913938875,-0.566332695291667,-0.506089938208333,569.979199765833,95627.6352158333,3.23499999999849e-06,-4.16534583333333e-05,0.104893928666667,0.851732464749999,1.929662808375,2791.66666666667,7.93439406802516
"75",2016-03-23,"changping","2016-03-23",6.73709343133333,-9.13988368483333,-0.349093063583333,-2.11370195466667,975.1166256175,96393.7300933333,-1.73e-18,-7.41585416666667e-05,0.10541000825,37.6745220625833,2.21285489766667,516.708333333333,6.24747856315483
"76",2016-03-24,"changping","2016-03-24",5.126307617125,-10.1242944345,0.732618122791667,-1.00444003091667,916.8582324225,96453.6510233333,-1.73e-18,-7.37507916666667e-05,0.105916881916667,-63.245680781125,1.618269167875,561.916666666667,6.33135355894658
"77",2016-03-25,"changping","2016-03-25",5.18072022116667,-9.8863000465,0.0342568722083333,-1.19785514516667,1024.65006513875,96123.2020304167,-1.73e-18,-7.1300875e-05,0.106405342125,-43.4718753416667,1.74265737495833,594.5,6.38772071613084
"78",2016-03-26,"changping","2016-03-26",7.871019582,-9.42082034379167,1.227274518375,-1.96115583341667,717.927217711667,95857.5657825,-1.73e-18,-8.01344166666667e-05,0.106888176,-108.38507782875,2.388571584,675.5,6.51545315740025
"79",2016-03-27,"changping","2016-03-27",10.3012968079167,-8.841824475375,1.43158871520833,-0.0452080037916667,640.54847502375,95354.3793170833,-1.73e-18,-9.045025e-05,0.107355665875,-44.0687182445833,2.39066344375,1213.16666666667,7.1009892998902
"80",2016-03-28,"changping","2016-03-28",12.2183376889583,-3.61500744579167,1.23482666533333,-0.473182437333333,711.49049355375,94700.6133229167,3.91124999999849e-06,-8.2594125e-05,0.107836453833333,-88.2201644316667,1.873835169375,2448.875,7.8033840144082
"81",2016-03-29,"changping","2016-03-29",12.419019094375,-3.58030936770833,1.41628130725,-0.5773305495,1050.94227127917,95085.3294658333,6.79166666650087e-08,-7.81954583333333e-05,0.108335655041667,-60.2421600529167,2.36394416054167,1461.04166666667,7.28690493062307
"82",2016-03-30,"changping","2016-03-30",11.270156150375,-4.0952542145,0.7094261995,0.784320504416667,367.172345261667,95146.7438466667,-1.73e-18,-8.19426666666667e-05,0.108818488916667,-0.761747996500002,2.20998032470833,2413.5,7.78883325510055
"83",2016-03-31,"changping","2016-03-31",14.0821344900833,1.49652680445833,1.06175509141667,1.752496924125,449.282856758333,94294.3945270833,-1.73e-18,-7.39210833333333e-05,0.109275749166667,-30.114780306875,2.66784707675,4755.04166666667,8.46696073764702
"84",2016-04-01,"changping","2016-04-01",13.7578943042727,1.86198906913636,0.929180415818182,-2.07663231790909,711.520300479091,94369.13637,-1.73e-18,-6.57778636363636e-05,0.109691858545455,-74.46831053,2.55710966877273,361.8,5.8910915729612
"85",2016-04-02,"changping","2016-04-02",11.2658376898333,-5.95880373966667,0.29983763075,-2.25571138504167,1044.57112239917,95434.2180120833,1.87820833333321e-05,-7.08685833333333e-05,0.110164184,-6.52152497516667,2.452905306125,522.125,6.25790702281734
"86",2016-04-03,"changping","2016-04-03",10.0853737760417,-7.583724706125,0.615162848875,1.09523151654167,816.276220834583,95558.98216625,-1.73e-18,-7.00325e-05,0.110652133,-14.0499984947917,1.946455223125,1324.54166666667,7.1888217666293
"87",2016-04-04,"changping","2016-04-04",11.2530347236667,0.00595897091666668,1.18041058416667,0.762834304708333,692.680763514583,94774.17342625,1.14811666666654e-05,-7.27654166666667e-05,0.111137013,-2.39488437041667,1.925015325875,2516.33333333333,7.83055809447151
"88",2016-04-05,"changping","2016-04-05",13.0494127344583,0.4582570265,-0.26038765,0.500065747625,452.903298382917,94733.1492291667,1.05483333333175e-06,-7.4144125e-05,0.11163416825,-52.171743111375,2.13111662254167,2579.75,7.85544777399582
"89",2016-04-06,"changping","2016-04-06",13.06180925775,5.650466573625,0.581261279458333,0.743530143625,325.400939285417,94440.63085625,9.00666666665081e-07,-5.0532875e-05,0.112119048,-3.14805915329167,1.96581037208333,4478.04166666667,8.40694110186456
"90",2016-04-07,"changping","2016-04-07",14.669038692,-4.297191594125,1.37726495866667,-1.49068079225,1013.37458114,94716.8127,1.59397499999986e-05,-8.72286666666667e-05,0.112600859,-61.09505291725,2.32801387608333,507.375,6.22925037515906
"91",2016-04-08,"changping","2016-04-08",13.8147455685,-10.75932362375,2.1134977335,0.210326407458333,794.853836542917,94954.9267716667,-1.73e-18,-8.373325e-05,0.113088808,38.3559456195833,2.75587698108333,1946.33333333333,7.57370253961543
"92",2016-04-09,"changping","2016-04-09",15.0750358413478,-3.93323203295652,-0.176442168304348,0.301972028173913,753.019706476087,94571.1574530435,-1.73e-18,-9.25767391304348e-05,0.113593701956522,-110.085478679565,2.21851577947826,2784.21739130435,7.93172210436278
"93",2016-04-10,"changping","2016-04-10",10.3364033518333,-7.77841444504167,-0.84068428475,0.88479256975,554.12380522375,95189.9015466667,-1.73e-18,-6.40147916666667e-05,0.1140800495,-36.93267765125,2.42364795291667,2933.83333333333,7.98406515181792
"94",2016-04-11,"changping","2016-04-11",8.07906777291667,-5.972257171875,0.318044029166667,1.95725470745833,426.497198450833,95146.63717125,-1.73e-18,-4.71660416666667e-05,0.11456799825,26.1518494953333,2.20780461379167,2706.125,7.90327300130759
"95",2016-04-12,"changping","2016-04-12",10.3487998742083,4.67321286758333,0.202287526625,0.236117710375,534.965491242917,94241.8494191667,0.000186796124999999,-6.90516416666667e-05,0.1150436715,40.36084122225,1.30229904845833,4085.66666666667,8.31524019267306
"96",2016-04-13,"changping","2016-04-13",14.8817609827083,1.37259215454167,1.57956648054167,-0.94063014575,1097.44199482667,94033.9091633333,-1.73e-18,-8.782075e-05,0.11553162,-42.3401803016667,2.171722753625,1906.375,7.55295881197635
"97",2016-04-14,"changping","2016-04-14",13.7195870186667,-3.64929784416667,-0.197071483666667,0.899811285791667,606.011049632083,94967.9258945833,-1.73e-18,-7.89478333333333e-05,0.116022638,-26.42057177875,2.510186769625,1327.79166666667,7.19127244021977
"98",2016-04-15,"changping","2016-04-15",13.9624877290417,2.73297424820833,0.550627998625,0.336629091291667,386.227119512917,94720.2110641667,0.000100933041666665,-6.35704583333333e-05,0.1165075175,-23.6181822820833,1.85742141108333,1626.83333333333,7.39439066394691
"99",2016-04-16,"changping","2016-04-16",12.141418283375,-0.399863590916667,1.39425267316667,-3.64415630020833,1291.962214125,94484.8705454167,0.000263104249999999,-0.000109580541666667,0.11694329575,-66.7352327541667,3.94648679275,383.166666666667,5.94847005553513
"100",2016-04-17,"changping","2016-04-17",10.6754787195417,-5.97859885733333,2.71334870483333,-1.38619849404167,1456.80792707208,94635.8005779167,9.81904166666523e-06,-8.351675e-05,0.11735452275,-181.262425391667,3.11546496491667,549.916666666667,6.30976675159542
"101",2016-04-18,"changping","2016-04-18",10.832213437625,-4.95378251166667,1.59635108095833,-0.640786590583333,1132.05189808208,94802.8080733333,2.72333333331748e-07,-8.65154583333333e-05,0.117774957,-75.5223852333333,2.64874831145833,1443.16666666667,7.27459505221975
"102",2016-04-19,"changping","2016-04-19",10.330865561,-0.172695363708333,0.254413959291667,0.689706524958333,280.302454415417,95065.4726575,2.0717833333332e-05,-4.20555833333333e-05,0.11818004625,26.504691271125,1.62350887666667,3111.25,8.0427798536818
"103",2016-04-20,"changping","2016-04-20",14.9457250054583,2.29068699595833,0.921514122166667,-0.472101247083333,964.079283118333,94816.934905,-1.73e-18,-8.94225e-05,0.11859434225,-17.9904687524583,1.87715137879167,2940.66666666667,7.98639159199678
"104",2016-04-21,"changping","2016-04-21",18.5979233669167,-2.38304447979167,1.91793590258333,-1.68651384116667,1112.62438056458,94054.96987625,-1.73e-18,-0.000108093,0.11901477625,-58.4797421420833,2.99656912683333,1686.95833333333,7.4306823835648
"105",2016-04-22,"changping","2016-04-22",17.0246827566667,-7.942029926375,1.4963266795,-1.466992896,1265.02806119,94496.95531,-1.73e-18,-8.86719583333333e-05,0.11942600375,-135.28554536375,2.370611604875,440.583333333333,6.08809960644745
"106",2016-04-23,"changping","2016-04-23",13.8341024340833,-10.2099524840833,-0.322115834333333,0.431675547166667,669.09094608625,94953.02185875,-1.73e-18,-6.44472916666667e-05,0.11984029975,48.442526821375,2.425487359625,1856.875,7.52665024621687
"107",2016-04-24,"changping","2016-04-24",15.949081228625,-1.414714430625,1.32168558829167,1.85206472116667,489.411431305833,94635.7091429167,-1.73e-18,-6.244425e-05,0.12025152675,32.8381979120833,2.63054364508333,3339.45833333333,8.11356389717015
"108",2016-04-25,"changping","2016-04-25",18.8837546554167,6.89719660683333,0.629971704166667,2.36057800241667,758.777119508333,94778.01373125,-1.73e-18,-6.14122916666667e-05,0.120665823,-5.72321153566667,2.92541364295833,2861.5,7.95910124184916
"109",2016-04-26,"changping","2016-04-26",16.2609756979167,4.466609819875,-1.42506166370833,0.456936084041667,522.440626971667,95096.3931983333,-1.73e-18,-4.8754375e-05,0.12107705025,23.2762766325,2.2539333495,2775.58333333333,7.92861621429967
"110",2016-04-27,"changping","2016-04-27",12.6467797883333,7.126176743625,0.513587395166667,-0.590147568833333,184.258937419583,94973.8996995833,0.000233983041666666,-5.28568333333333e-05,0.12148520875,-39.7362427730833,1.05423750270833,3735.20833333333,8.22555887468158
"111",2016-04-28,"changping","2016-04-28",16.0359584942917,7.09455891325,0.470010214291667,0.947029814458333,622.114939575417,94989.245675,-1.73e-18,-7.7814e-05,0.121899505,-5.04401687220833,2.29411638758333,2768.25,7.92597063057822
"112",2016-04-29,"changping","2016-04-29",17.7279821754167,8.35075617729167,0.444251668875,0.560022663791667,351.78978257125,94379.9632016667,2.2108333333182e-07,-6.79419583333333e-05,0.12231380125,-43.3882042411667,1.84942005216667,5041.16666666667,8.52539281575919
"113",2016-04-30,"changping","2016-04-30",20.7676195975,9.37973991608333,0.220216951458333,0.937554655958333,488.731519922083,93957.9717283333,-1.73e-18,-8.54824166666667e-05,0.12272502825,-39.5006207154167,2.11590696695833,4393.04166666667,8.3877771287172
"114",2016-05-01,"changping","2016-05-01",22.0593981841667,11.4897092124167,0.470176398458333,0.802445185291667,432.05038293875,93787.7030225,1.08520833333317e-05,-7.9242875e-05,0.12313932425,16.6880993029167,1.92274940166667,3402.20833333333,8.13218000956797
"115",2016-05-02,"changping","2016-05-02",12.3818008109565,7.25491886408696,0.545615980565217,-2.79963044343478,590.075074183478,94310.6846765217,0.000452776260869565,-0.000103076695652174,0.123544813956522,-24.4054674808696,3.06829088786957,676.304347826087,6.51664319340259
"116",2016-05-03,"changping","2016-05-03",15.4621851838182,-2.57905197122727,2.514416189,-3.00166656422727,1628.77749210227,93872.7064568182,-1.73e-18,-0.000133606318181818,0.123977122909091,-137.247496213636,3.97100623436364,683.590909090909,6.5273596525733
"117",2016-05-04,"changping","2016-05-04",17.509061623,-0.807316871916667,0.387509009458333,0.621218034416667,508.728506345417,94208.36867625,9.93358333333168e-06,-0.00010604075,0.124373006,-44.2069937233333,1.95260793716667,1469.91666666667,7.29296098882348
"118",2016-05-05,"changping","2016-05-05",19.6908430587234,4.76743315610638,-0.831073104042553,-1.19338817721277,628.335184778085,96194.2547825532,0.00012229519148936,-0.000110507340425532,0.145481343510638,39.8826019719362,2.39380396514894,1053.42978723404,6.95980658387946
"119",2016-05-06,"changping","2016-05-06",17.3777283756098,-3.38281448256098,2.04624358792683,-2.73165135178049,1243.6693159739,96666.6845502439,-1.73e-18,-8.73462195121951e-05,0.143531300195122,-100.541904806098,3.57933003607317,448.748780487805,6.10646322222287
"120",2016-05-07,"changping","2016-05-07",17.6112753531778,-3.58856261806667,0.317158944444444,1.02743105617778,831.004642195778,97297.4409351111,-1.73e-18,-9.75967111111111e-05,0.144863920933333,3.10815757457778,2.29874886475556,961.824444444444,6.86883194382986
"121",2016-05-08,"changping","2016-05-08",18.8025929983333,3.77561525916667,1.17107657372917,2.45819965685417,649.953340042708,96997.038763125,-1.73e-18,-7.02224583333333e-05,0.14640281775,57.1697135234167,3.065461274,1678.02083333333,7.42537030252417
"122",2016-05-09,"changping","2016-05-09",17.18220495875,9.25428779070833,-0.858632174375,-0.874559589854167,573.566853729375,96892.108559375,8.68437499999849e-06,-4.40904375e-05,0.146556260625,89.4348324747292,2.10872531475,1005.79166666667,6.91353023842482
"123",2016-05-10,"changping","2016-05-10",19.4449275331915,9.66241234576596,0.546138668957447,1.43001696685106,799.814714728936,96642.5470178723,-1.73e-18,-6.92161276595745e-05,0.146291783617021,-6.30201573095745,2.08429698031915,1716.57446808511,7.44808599563576
"124",2016-05-11,"changping","2016-05-11",21.3881846990909,12.9050210081818,0.591272616340909,1.95081045590909,534.457832453409,95863.4550786364,7.66386363636202e-06,-5.28803863636364e-05,0.145971922113636,52.5093034143636,2.42177438854545,2801.81818181818,7.93802383607574
"125",2016-05-12,"changping","2016-05-12",16.300502312,3.46471413718182,0.976699014886364,-2.54452143788636,1194.66523798682,96540.1215856818,0.000227663704545453,-8.01321590909091e-05,0.145262736227273,-32.0614677925,3.25305328847727,531.477272727273,6.27566043624173
"126",2016-05-13,"changping","2016-05-13",16.1413929937174,0.325568093608696,0.96157735076087,2.75023471030435,871.510651771304,97602.5564704348,3.77167391304179e-06,-9.25127173913043e-05,0.146348311869565,25.5275155158261,3.28238885897826,1200.67391304348,7.09063827234398
"127",2016-05-14,"changping","2016-05-14",11.1579015766875,9.22312293777083,1.02674562752083,1.12796209539583,310.032181873125,97357.2272516667,0.000554995166666666,-6.04351666666667e-05,0.14733421675,76.068599038125,1.66133504485417,1102.45833333333,7.0052978137119
"128",2016-05-15,"changping","2016-05-15",16.6690157916667,0.851797426452381,1.36378293859524,-1.73466472111905,1555.76140549952,96733.1136709524,9.64216666666502e-06,-0.000130640666666667,0.144821404857143,-85.5394744964286,2.88680927142857,1267.0119047619,7.1444165763006
"129",2016-05-16,"changping","2016-05-16",20.5655696885319,2.64902498425532,1.90347434459574,1.09946133374468,930.95866397617,96631.8626461702,-1.73e-18,-0.000153096212765957,0.147127558191489,14.1424665734043,2.69764452102128,834.148936170213,6.72641196695496
"130",2016-05-17,"changping","2016-05-17",22.330064055625,6.484307595625,1.04009575535417,2.103087619875,678.147227118542,96677.6839797917,-1.73e-18,-0.000132277375,0.147495331875,49.8961496633958,2.88231598785417,1830.60416666667,7.51240133706885
"131",2016-05-18,"changping","2016-05-18",22.2455470785106,10.4325743664681,0.470745274808511,2.33026661302128,633.012540086383,96934.7991904255,-1.73e-18,-9.73222553191489e-05,0.147073755191489,30.5863536712128,2.68005407619149,2006.17234042553,7.60398387730696
"132",2016-05-19,"changping","2016-05-19",21.9792018302083,9.4880468408125,0.296190811583333,1.980028506625,591.829548588125,97126.6794933333,-1.73e-18,-8.22149375e-05,0.147441626875,15.6646426617083,2.41512950960417,2529.375,7.83572751563013
"133",2016-05-20,"changping","2016-05-20",21.8882093245833,8.0436600659375,-0.388635662083333,0.6041057408125,531.491731014583,97267.8030364583,-1.73e-18,-5.826325e-05,0.147415541625,-35.4242173945417,1.783162823375,1526.20833333333,7.33054172502496
"134",2016-05-21,"changping","2016-05-21",22.042581591875,7.62381784966667,-1.46840803316667,-0.142121969916667,750.927077118958,97530.6504925,-1.73e-18,-6.42311666666667e-05,0.14739405975,-25.7228828080833,2.28360490916667,1286.70833333333,7.15984255668612
"135",2016-05-22,"changping","2016-05-22",22.055791,4.66551224983333,-0.81819402775,0.148698560666667,804.93171032,97457.3951741667,-1.73e-18,-5.74623541666667e-05,0.1473679745,-42.3423571461667,2.07276814052083,1383.47916666667,7.23235674068691
"136",2016-05-23,"changping","2016-05-23",18.694105592617,8.48450116353191,0.84725965906383,0.441170781957447,641.00140657617,96708.6142489362,3.60096808510628e-05,-3.53238723404255e-05,0.146957530617021,-31.579883017617,2.02557392189362,1471.42765957447,7.29398840545555
"137",2016-05-24,"changping","2016-05-24",19.5964259785556,5.19120474337778,2.32512649551111,0.637741243111111,1171.38827808756,96220.2621513333,6.23242222222065e-06,-6.87188444444444e-05,0.147729553955556,106.119426377778,2.81677850322222,726.844444444444,6.58871248551155
"138",2016-05-25,"changping","2016-05-25",20.102989878,6.23143440397778,1.71011214255556,0.150296101266667,913.278746512444,96264.6389946667,3.55577777777624e-06,-5.39962222222222e-05,0.146087100022222,-16.5594157133333,2.30046204535556,729.022222222222,6.59170421470211
"139",2016-05-26,"changping","2016-05-26",22.03008464,3.06011250767442,1.02820134923256,-0.672717591604651,969.061473727209,96481.0037953488,-1.73e-18,-7.90803023255814e-05,0.145161392232558,-14.4641339567907,2.4834995717907,793.444186046512,6.67638319854677
"140",2016-05-27,"changping","2016-05-27",21.7308860206383,5.49767147261702,1.50224684291489,2.12476600806383,700.005873828085,96720.6448668085,-1.73e-18,-5.74627659574468e-05,0.146862461106383,47.7821882317021,2.93081034597872,2283.17021276596,7.73332020037168
"141",2016-05-28,"changping","2016-05-28",21.7817752854348,8.45177213380435,1.12577693832609,2.14107927923913,589.812173093478,96311.85662,-1.73e-18,-7.11332173913044e-05,0.146435307434783,22.0843466088261,2.73492981143478,1697.17391304348,7.43671974262524
"142",2016-05-29,"changping","2016-05-29",23.2775751826087,4.54849240026087,-0.148552130456522,0.629180381173913,784.960383796957,96354.6247230435,-1.73e-18,-7.98240217391304e-05,0.14641289173913,27.439965810587,2.37695788965217,1141.39565217391,7.04000704889079
"143",2016-05-30,"changping","2016-05-30",26.1463893245833,10.8485648278333,0.996934035041667,1.79784794241667,635.709715097292,96124.169725625,9.22764583333168e-06,-8.07445625e-05,0.14717156725,62.2889262736875,2.4444135258125,3089.14583333333,8.03564990233619
"144",2016-05-31,"changping","2016-05-31",21.9396952702632,7.67661834060526,-1.74348607081579,0.351882668973684,712.378937712105,96110.9175497368,-1.73e-18,-3.64234210526316e-05,0.142420002789474,60.442812285,2.92777458063158,1371.65789473684,7.22377542933404
"145",2016-06-01,"changping","2016-06-01",22.0346647055172,7.11187358841379,0.0807833443448276,1.20625111824138,619.92334716931,95608.8493624138,-1.73e-18,-6.14238965517241e-05,0.135380160448276,-21.4299317964483,1.75203356237931,1620.03448275862,7.39020271365336
"146",2016-06-02,"changping","2016-06-02",23.7902626085417,6.72019564022917,0.520567129854167,1.68677038333333,732.907700924167,96732.5759414583,-1.73e-18,-6.81142916666667e-05,0.147102517625,-28.072387402625,2.35658812341667,1710.60416666667,7.44460190093622
"147",2016-06-03,"changping","2016-06-03",22.4747147637209,7.63826151211628,0.258693953,0.763033627697674,400.218637106279,96176.3652167442,5.01360465116122e-06,-3.74682093023256e-05,0.145001526116279,46.3938148470465,1.67417638104651,2460.41860465116,7.80808677894242
"148",2016-06-04,"changping","2016-06-04",22.2004868668,10.62440799564,0.56346406336,1.34916183436,712.2742208136,94529.9416908,3.20279999999855e-06,-4.303376e-05,0.1306638008,-18.8707426316,1.94902810028,3688.68,8.21302394945899
"149",2016-06-05,"changping","2016-06-05",23.2129427942553,12.2908308004681,0.234843907829787,0.817169031382979,824.717137752128,96685.5023902128,1.85834042553048e-06,-4.00664468085106e-05,0.146645943255319,-21.1818429094681,2.11669891134043,2076.55319148936,7.63846467867789
"150",2016-06-06,"changping","2016-06-06",23.1961056619149,13.3439746268085,0.244348227702128,1.24681104944681,707.124124818298,96656.8032208511,1.43674680851049e-05,-5.37783617021277e-05,0.146626877234043,30.9184333419149,1.87925042751064,1840.42553191489,7.51775209120991
"151",2016-06-07,"changping","2016-06-07",20.40355445,16.2744808993617,-0.913377873829787,-0.362030219765957,399.338635897447,96841.7603421277,0.000459559510638297,-6.89391914893617e-05,0.146605982765957,62.7606219642553,2.07345039380851,1507.17021276596,7.31798914033458
"152",2016-06-08,"changping","2016-06-08",21.3878747348148,14.2823307340741,0.83569949237037,0.702995336518519,405.345935039259,95009.5816755556,6.53185185185051e-06,-0.000100254185185185,0.133209617777778,10.0405524292222,1.95350841581481,2997.88888888889,8.00566361623087
"153",2016-06-09,"changping","2016-06-09",24.3424921116667,12.153321281625,1.255950519125,2.05033536254167,731.694559544583,94283.4984279167,1.87104999999984e-05,-9.9687375e-05,0.12929238875,-16.8932598748333,2.99926627308333,2353.125,7.76349951098826
"154",2016-06-10,"changping","2016-06-10",23.50587927375,13.1390003696667,1.41295762395833,-0.477664462625,1212.63002053208,94052.9887670833,2.33361249999988e-05,-0.000112966125,0.12930773275,-24.1482199558333,2.43914170291667,906.708333333333,6.80982082544835
"155",2016-06-11,"changping","2016-06-11",23.6178036116667,6.95825797683333,0.846066511833333,-2.13725224508333,1317.22937618458,94452.1212883333,-1.73e-18,-9.07310416666667e-05,0.129320008,-50.324636341625,2.94116177575,859.291666666667,6.7561084064561
"156",2016-06-12,"changping","2016-06-12",23.3265869495833,9.77749947695833,0.1121049205,0.708322656,719.6942969825,94370.1033733333,5.37441666666522e-06,-5.85954166666667e-05,0.129329215,32.7700299141667,1.63455440441667,1900.04166666667,7.54963109473864
"157",2016-06-13,"changping","2016-06-13",20.1444403254167,12.6922286395833,-1.07908469995833,-0.284327980333333,305.545457275,93955.4724825,0.0001532225,-7.23295833333333e-05,0.12933228375,-37.8872153819583,1.42413556666667,1661.625,7.41555131818776
"158",2016-06-14,"changping","2016-06-14",17.1162849291667,13.792828125,-1.561406537625,-1.30919808725,527.355316085417,93642.3810529167,0.000323534125,-9.80288333333333e-05,0.12934762775,112.19689043875,2.212871028875,995.333333333333,6.90307768943103
"159",2016-06-15,"changping","2016-06-15",22.8054796735897,11.6928138793846,0.412440895179487,-1.09025024841026,968.416007708205,95557.0596697436,2.85748717948572e-06,-0.000127588333333333,0.142743123282051,-18.5544918973333,1.79437203607692,1066.35897435897,6.97200529696821
"160",2016-06-16,"changping","2016-06-16",26.5169945345,9.8977106521,1.819743219775,0.113137229125,1091.2675714595,95279.49949025,-1.73e-18,-0.000133242625,0.14303689175,-4.202482254025,2.29317327715,1091.05,6.99489581429714
"161",2016-06-17,"changping","2016-06-17",26.7197521884444,11.1649756675111,-0.423308449111111,-0.971814294688889,590.650575421556,95488.4099817778,1.71372444444431e-05,-0.000103295822222222,0.144977400488889,96.5887568521556,2.4363432276,1085.51111111111,6.98980622520434
"162",2016-06-18,"changping","2016-06-18",25.3355369965957,14.5930823091489,-0.658552727148936,0.149773895425532,648.868668863617,96232.4710578723,8.38789574468072e-05,-0.000100918893617021,0.145381572978723,-24.6153387708511,1.97189877055319,1712.93617021277,7.44596423564083
"163",2016-06-19,"changping","2016-06-19",25.115458459375,13.95655685,0.960812060625,1.0550407245625,693.21658199125,95342.2678828125,1.63312499999849e-06,-8.8662e-05,0.13709726696875,-7.8601735405,2.02088417334375,2370.25,7.77075071379807
"164",2016-06-20,"changping","2016-06-20",26.759160111087,18.5789630186957,0.493959198782609,1.40600663180435,632.360727837609,95964.2654021739,4.99111956521728e-05,-9.07889347826087e-05,0.144262821478261,0.83809431402174,1.83335028908696,1761.86956521739,7.47413077720517
"165",2016-06-21,"changping","2016-06-21",27.4756169102128,19.7507576219149,-0.251366167829787,0.438520715510638,583.798091193617,95966.8714487234,0.00010647044680851,-0.000104532212765957,0.144262418340426,-45.0467867264255,1.44431705661702,1577.3829787234,7.36352241018892
"166",2016-06-22,"changping","2016-06-22",27.3541136580435,18.7466434797826,0.640615519,1.0405010656087,534.543529047174,95930.2274297826,9.89690217391293e-05,-0.000107586311086957,0.143533500021739,-22.7141898001957,1.8466403368913,2489.39130434783,7.81979350348928
"167",2016-06-23,"changping","2016-06-23",25.6355238995556,14.8639538728667,0.857279634377778,0.372709394511111,575.359817957778,96112.733646,3.82200666666654e-05,-6.80081333333333e-05,0.143507620955556,27.0281165857778,1.91144113711111,883.577777777778,6.78397932158934
"168",2016-06-24,"changping","2016-06-24",25.9731138133333,5.1977414247381,1.17482890659524,-2.54658527304762,1558.24044409476,96225.644962381,-1.73e-18,-0.000101228928571429,0.141987239595238,-72.6619042285238,2.92404281690476,414.285714285714,6.02655586691925
"169",2016-06-25,"changping","2016-06-25",28.0801970744681,5.95017866885106,1.10718583438298,-0.998999782574468,1276.55953084043,96546.0764080851,-1.73e-18,-8.65856382978723e-05,0.142777873723404,-12.3413356468085,2.43952034557447,1226.34042553191,7.11178974967511
"170",2016-06-26,"changping","2016-06-26",28.3868974993617,8.35015766797872,1.00323233629787,2.2968195626383,1098.75129593085,96345.7891993617,3.82978723402562e-07,-4.91705744680851e-05,0.142401774787234,41.0492507254255,3.09815349993617,1796.27659574468,7.49347124354371
"171",2016-06-27,"changping","2016-06-27",25.4562247282979,14.487328442766,-0.519457760765957,0.533501505170213,577.400653439787,96070.5479778723,9.46241702127652e-05,-5.48075531914894e-05,0.142031683744681,-1.89173504502128,1.83264567119149,1713.17021276596,7.44610085869184
"172",2016-06-28,"changping","2016-06-28",21.2483183841304,17.3942101576087,-0.514600448173913,0.999752584695652,406.415279413043,96118.513626087,0.000350968543478261,-7.13805652173913e-05,0.141326056,14.05592907,2.02961024541304,1678.91304347826,7.42590186507421
"173",2016-06-29,"changping","2016-06-29",23.2712971057778,19.4102053944444,0.113060171666667,0.179557697377778,435.747674122444,96047.4688024444,7.80089111111102e-05,-0.000119510977777778,0.140628348266667,16.5220793397111,1.24340566513333,1767.71111111111,7.47744083115376
"174",2016-06-30,"changping","2016-06-30",25.5919615086538,19.5110107796154,-0.203903499230769,0.0261732379423077,617.060869980577,96540.3415436538,0.000271683692307691,-0.000134782688461538,0.143212501519231,3.20600334298077,1.18829979296154,1309.25,7.1772097331596
"175",2016-07-01,"changping","2016-07-01",24.7419717348889,14.2811227936667,-0.342988565333333,-0.774416468644444,714.763961773778,96714.56817,3.68675111111095e-05,-0.000132357955555556,0.142484394866667,23.0432370672667,2.18246593017778,1552.42222222222,7.34757171414508
"176",2016-07-02,"changping","2016-07-02",25.8796978229545,16.0061051229545,0.516741536795455,1.43688943595455,761.575204128409,96936.3046125,4.6363636363483e-07,-0.000133033409090909,0.142708049840909,-0.231245072522727,1.96173120093182,3232.52272727273,8.0810181414868
"177",2016-07-03,"changping","2016-07-03",25.1162940916279,18.7366827376744,-0.281896690139535,1.27645318148837,516.298790627209,96991.7939611628,0.000377157139534883,-0.000119338069767442,0.142140492162791,-46.2850531463023,1.84732307955814,4255.95348837209,8.35607410247776
"178",2016-07-04,"changping","2016-07-04",24.9049502326829,20.3242878107317,-0.85266755902439,0.51368011497561,398.356259737317,96965.8446582927,0.000197475170731707,-0.000114705317073171,0.141045373853659,-53.2928617589756,1.59262360570732,3251.46341463415,8.08686045540341
"179",2016-07-05,"changping","2016-07-05",25.2906228435,17.96237749975,-0.561952819375,1.060743512025,564.8008292875,97155.22270475,2.45342749999989e-05,-0.0001543896,0.1403955241,32.559868549525,1.86960263895,3662.375,8.20586712305006
"180",2016-07-06,"changping","2016-07-06",26.3896534874359,16.8822079971795,0.264153487641026,1.71027152876923,742.928627718205,97172.8756784615,3.87230769229305e-07,-0.000143969307692308,0.139718958410256,1.73554318423077,2.07441068079487,3353.61538461538,8.11779426216881
"181",2016-07-07,"changping","2016-07-07",27.3360135725581,17.1958933918605,-0.200221682604651,1.71689856232558,833.130573758605,97433.9604974419,1.62465116278909e-06,-0.000133755325581395,0.141662035534884,-38.8414872861395,2.2570701802093,3269.81395348837,8.09248836731503
"182",2016-07-08,"changping","2016-07-08",27.809667297,20.386223981,0.0249099362,1.641177571675,611.44550847575,96905.694396,2.21843249999994e-05,-0.000101321225,0.1400192821,1.745651906,2.017158697375,3442.05,8.14382250310409
"183",2016-07-09,"changping","2016-07-09",28.79467260275,21.18889109,0.527916162875,1.66100463575,654.571905331,96627.13522325,1.78799249999989e-05,-9.8320225e-05,0.1399011307,16.6564058928,2.3635095133,3718.775,8.22114959196042
"184",2016-07-10,"changping","2016-07-10",29.9425887186364,19.6594594329545,0.937116968568182,2.47860645336364,828.040224465909,96735.6528925,-1.73e-18,-0.000102785931818182,0.141770652431818,16.4023652701136,2.85982047222727,3346.47727272727,8.11566351116167
"185",2016-07-11,"changping","2016-07-11",30.045900338,20.8152716056,1.5302925068,2.91002003724,788.1614381976,97830.81808,-1.73e-18,-7.649192e-05,0.14993918792,52.3223685664,3.49745380068,3875,8.26230094178745
"186",2016-07-19,"changping","2016-07-19",22.7609563618182,21.33902596,-1.3598503265,-1.75006638531818,286.914882456818,97553.4464125,0.00106318838636364,-5.47245909090909e-05,0.143908531863636,113.273148700068,2.36201330781818,3778.84090909091,8.23717260378401
"187",2016-07-20,"changping","2016-07-20",21.622950602619,20.3902451271429,-2.77471975457143,-3.90034785038095,677.879995866667,96838.029725,0.00614200961904762,-8.51491428571429e-05,0.143128271,105.378894680238,4.93858815795238,1075.95238095238,6.98096148412196
"188",2016-07-21,"changping","2016-07-21",23.9943797296875,22.3320319584375,-0.6492285875,-0.844947262109375,244.6381708625,97023.17797375,0.00033410221875,-7.8056146875e-05,0.14426689103125,67.1357311795156,1.32077876020312,2593.21875,7.86065514372357
"189",2016-07-22,"changping","2016-07-22",26.1196312824615,23.3936776415385,0.423238036523077,0.955701716676923,319.786639730923,96979.303734,7.16470769230684e-06,-0.000116203369230769,0.143733027461538,26.2060502022462,1.56825316761538,3407.87692307692,8.13384477317645
"190",2016-07-23,"changping","2016-07-23",28.1790383155224,25.2842668143284,-0.0213671445373134,0.576231129358209,305.482560727313,97255.4138258209,4.07302089552229e-05,-0.000156072432835821,0.145537559522388,-15.5824996271343,1.34164859747761,3280.64179104478,8.09579435023916
"191",2016-07-24,"changping","2016-07-24",28.038979149403,25.3843491558209,-0.591049764820896,0.0864404843134328,275.81639948403,97348.5964626866,0.00044473067164179,-0.000146882388059701,0.144629360104478,-43.2624870262687,1.25944368628358,2076.23880597015,7.63831326944766
"192",2016-07-25,"changping","2016-07-25",27.47255683,24.4503530289062,-0.08940953478125,0.557587528453125,355.293741913906,97084.37710125,0.000670867421875,-0.000116129859375,0.1441957316875,-19.5009958372187,1.5910271508125,2009.915625,7.6058480225601
"193",2016-07-26,"changping","2016-07-26",27.1451286046875,21.6003486921875,-0.1511192543125,0.18000639140625,450.41057772125,97264.739936875,3.75743749999857e-06,-0.00023478421875,0.144378904234375,32.6550642965469,1.74656778453125,2021.0625,7.61137864220996
"194",2016-07-27,"changping","2016-07-27",27.6192574773438,23.6962643615625,0.71122421975,1.22314615704687,339.094940453125,97055.52910375,3.85266093749984e-05,-0.000206655296875,0.144560734265625,18.4043586567187,1.72539356515625,2117.171875,7.65783645584119
"195",2016-07-28,"changping","2016-07-28",27.7814093231818,23.1894391369697,0.106411014575758,1.10988745298485,415.676348231515,97093.236155303,0.000106865045454544,-0.000181793845454545,0.145257900272727,-0.0491394800909091,1.51812146643939,3763.30303030303,8.23305231626506
"196",2016-07-29,"changping","2016-07-29",27.845898335873,24.1275771550794,-0.751257860380952,-0.0374711744444444,333.741973965873,97231.0672519048,0.000294391968253968,-0.000163918222222222,0.144507698984127,-58.6026907782381,1.40618102931746,3347,8.11581970121133
"197",2016-07-30,"changping","2016-07-30",26.4995302257447,23.2793330080851,-0.514356732106383,-0.263425665106383,269.021242644255,96614.633806383,0.000516739212765957,-0.000158136617021277,0.139107516851064,-30.9880258412766,1.28579603753191,1808.6170212766,7.50031775556177
"198",2016-07-31,"changping","2016-07-31",26.3547752223529,23.1795802133824,-0.992157348308824,-0.251384632470588,261.020298673529,97850.3849110294,6.78177352941172e-05,-0.000110275220588235,0.146124002514706,57.7158494345588,1.41821786861765,2733.58823529412,7.91337039705101
"199",2016-08-01,"changping","2016-08-01",26.2423236053731,23.6321780144776,-0.902715348626866,-0.697206239597015,309.588300058955,97846.8751874627,0.000307369865671642,-0.000111406343283582,0.14607254880597,48.4889493894627,1.53570459846269,2759.49253731343,7.92280207851403
"200",2016-08-02,"changping","2016-08-02",27.0595849804687,22.9048390215625,-0.6008274499375,-0.410611006453125,386.904442350156,97788.9814025,4.31358124999992e-05,-0.000170399721875,0.145526274375,11.108016334375,1.39387350982812,2324.28125,7.75116613044296
"201",2016-08-03,"changping","2016-08-03",28.0191036496923,23.23351594,-0.2189248432,0.321482447123077,433.457409187077,97923.258832,1.22098923076911e-05,-0.000189760507692308,0.146306337430769,-73.4849954062462,1.37798165433846,3136.43076923077,8.05084073467428
"202",2016-08-04,"changping","2016-08-04",27.9806826928571,23.2124245104762,-0.674690045809524,0.480773755666667,383.333264314762,97748.913195873,3.57159206349201e-05,-0.000179634763650794,0.145651653190476,-85.3810304450794,1.46182734098413,3536.12698412698,8.17078733491334
"203",2016-08-05,"changping","2016-08-05",27.7242442611765,23.4866989742647,-0.41447512725,0.633059091661765,375.467101258088,97923.3399314706,1.83972941176466e-05,-0.000156195526470588,0.147018304588235,18.3167870542941,1.60323895570588,3370.33823529412,8.12276838486614
"204",2016-08-06,"changping","2016-08-06",27.795422519403,23.912110010597,0.654746097671642,1.39683959755224,443.293723296418,97552.4682817911,7.47582089552136e-06,-0.00017562576119403,0.146973969149254,45.031261157403,1.78936404355224,3183.70149253731,8.06579979022544
"205",2016-08-07,"changping","2016-08-07",25.5581016516923,22.0424220004615,-0.919877714523077,-1.4135657642,399.241488119692,97659.5242173846,0.000270638015384615,-0.000102226261538462,0.146794899953846,77.2774656758154,2.359904221,2140.41538461538,7.66875519414043
"206",2016-08-08,"changping","2016-08-08",25.6980379402817,19.3051173311268,-1.37063648022535,-1.15724115243662,537.43800222662,98046.1905542254,1.25374647887161e-06,-0.000191123436619718,0.148152651633803,34.8027536599718,2.30146530608451,2525.39718309859,7.83415362957614
"207",2016-08-09,"changping","2016-08-09",25.5091138587879,20.9871118404545,-0.19182745,0.3624400525,358.778405211061,97713.1376534849,5.5892727272716e-06,-0.000122097909090909,0.147301761242424,17.9003087815152,1.39651042710606,3009.90909090909,8.00966515493104
"208",2016-08-10,"changping","2016-08-10",28.1827237493651,23.5438142369841,1.25310956125397,2.24096278452381,514.84524321746,97454.9775677778,8.06571428571352e-06,-0.000158020428571429,0.146798140380952,110.727240673333,2.68397699426984,3251.25396825397,8.0867960372939
"209",2016-08-11,"changping","2016-08-11",29.2682680195312,24.947484534375,0.8253304211875,1.42807349067188,387.837594811406,97478.9168773438,3.94190937499992e-05,-0.0001501650625,0.14721970975,65.4372835229531,1.94284784598437,4205.65625,8.34418562443957
"210",2016-08-12,"changping","2016-08-12",27.3140419307463,25.3848683895522,0.00650549486567165,0.082673188880597,221.395881441791,97499.3754691045,0.000554587059701492,-8.55448358208955e-05,0.148062819149254,26.8848007320896,1.18246714826866,2740.5223880597,7.91590383378676
"211",2016-08-13,"changping","2016-08-13",26.0896343631343,21.823296791791,0.642747766373134,-1.32247868352239,311.965697473134,97542.707849403,9.8486074626865e-05,-0.000151678735820896,0.148243103089552,-42.4915811433881,1.73615819061194,2285.6671641791,7.73441323628246
"212",2016-08-14,"changping","2016-08-14",25.6609226245588,19.9601730408824,1.15553509591176,-0.350502608014706,203.941853095147,97656.2828386765,4.85805588235284e-05,-0.000166585911764706,0.148618444205882,-41.4899681795588,1.79278611975,2328.22058823529,7.75285955875902
"213",2016-08-15,"changping","2016-08-15",21.9495356368657,18.4302490573134,0.781046062149254,-0.385605143522388,242.759078057612,97749.3964349254,0.000752072074626865,-0.000105737432835821,0.148557134432836,15.6767880229403,1.67214427489552,1922.58208955224,7.56142439984518
"214",2016-08-16,"changping","2016-08-16",24.3018847254545,20.1296006840909,0.917970538636364,0.850044364545455,390.209950435909,99048.3719195455,5.94409090907557e-07,-0.000166863090909091,0.158685092977273,17.1780191948409,1.52281661788636,2465.65909090909,7.81021443041636
"215",2016-08-23,"changping","2016-08-23",25.8052640685507,21.8547388991304,0.320279888391304,1.23846572608696,356.174768046812,97708.3543173913,0.000169616753623188,-0.000105093115942029,0.145516250594203,46.1173541543188,1.7368480906087,4573.92753623188,8.42812753191938
"216",2016-08-24,"changping","2016-08-24",26.7638314906154,24.178145508,-0.174977228061538,-0.0560165798769231,281.500489532,97436.083242,0.000553371892307692,-0.000116441334,0.144832340261538,-31.2595846905692,1.17176426341538,3735.49230769231,8.22563489816927
"217",2016-08-25,"changping","2016-08-25",24.5238432642857,15.9120834610952,-0.771122583253968,-2.93829630355556,902.432508886667,98084.2126433333,3.93900952380938e-05,-0.000215132349206349,0.144094036460317,19.3409051422857,3.57924697379365,1126.30793650794,7.02670024955989
"218",2016-08-26,"changping","2016-08-26",21.250642685,11.3325997831,0.388810521657143,-0.707932720242857,584.442920718143,98685.3342571429,-1.73e-18,-0.0001996774,0.1444202902,-15.4539946288143,1.76408223915714,1429.78,7.26527586526457
"219",2016-08-27,"changping","2016-08-27",22.6098483614925,11.8510845382537,1.19664867862687,-0.815210604731343,599.565259327015,98365.3516771642,2.41520298507447e-05,-0.000191807656716418,0.143947798358209,-74.1741261976119,1.75694264198507,1391.74626865672,7.23831454601581
"220",2016-08-28,"changping","2016-08-28",22.9794262622857,10.4984170863857,0.821478114014286,-0.796946414871429,617.976798966571,98290.7757012857,-1.73e-18,-0.000195853871428571,0.143522780114286,-8.08340444535714,2.2033185845,1458.70428571429,7.28530384512466
"221",2016-08-29,"changping","2016-08-29",22.8111238767143,13.5304674264286,-0.3696286781,-0.117585970971429,401.975029827571,98223.8499194286,-1.73e-18,-0.000160962042857143,0.143003704342857,0.384485395571429,1.97508545697143,1818.63285714286,7.5058403204017
"222",2016-08-30,"changping","2016-08-30",24.5157995577143,16.4023500924286,1.05315466517143,0.438205374857143,456.497312686286,97675.4963444286,6.82305714285586e-06,-0.000162980885714286,0.142548811642857,24.387334017,1.50679052487143,2479.94285714286,7.81599079741891
"223",2016-08-31,"changping","2016-08-31",25.015301926875,9.69747533626562,1.63545744610937,-2.12108599290625,836.31505460125,96839.9006201562,-1.73e-18,-0.000183415171875,0.141806432546875,-106.870040444125,2.85410935175,945.1203125,6.85131223420471
"224",2016-09-01,"changping","2016-09-01",22.7740939402985,8.7400457351791,0.248853266313433,-0.921589166970149,486.25130393403,96922.7075962687,9.23746268656559e-06,-0.000106913223880597,0.142253421164179,-42.757423667597,1.75208720089552,1881.02985074627,7.53957469879035
"225",2016-09-02,"changping","2016-09-02",23.2009868543284,13.9358736935821,-0.403898285791045,-0.551190096895522,542.732727547015,97407.1699656716,1.23650746268499e-06,-0.000138423432835821,0.141723561985075,-15.8948630125821,1.44887415249254,1938.62686567164,7.56973520024766
"226",2016-09-03,"changping","2016-09-03",23.4030999119118,15.8900261202941,0.419469591308824,0.494726864735294,472.621539401618,97775.7571616176,6.26749999999835e-06,-0.000133108044117647,0.140472426279412,-3.46276959294118,1.55471897176471,2711.79411764706,7.90536573085669
"227",2016-09-04,"changping","2016-09-04",23.4297617114493,17.8637469614493,0.312913193333333,0.545088562652174,470.796025939855,97999.7933576812,0.00017726120289855,-0.000119760246376812,0.140163091362319,1.65163902676811,1.732184109,3603.60869565217,8.18969103782026
"228",2016-09-05,"changping","2016-09-05",22.8863742890566,16.0729058658491,0.541569393886792,-0.472132032245283,566.868773050755,97766.2010532076,7.304905660363e-07,-0.00010581208490566,0.136751918716981,-15.9483925411509,1.66469131645283,2725.96226415094,7.91057676922264
"229",2016-09-06,"changping","2016-09-06",24.3930435028125,14.9819394172969,1.240444613375,-0.046033639375,516.874068560938,97780.832185625,2.33399999999868e-06,-0.000107070875,0.1382513501875,1.6959983075,1.82346625767187,2061.9703125,7.63141726704358
"230",2016-09-07,"changping","2016-09-07",23.5117403713636,13.9947860943939,0.758275950439394,0.335011773772727,515.197547429697,97595.3960454545,4.74872575757564e-05,-0.000147066121212121,0.138198592484848,-30.2431646366515,1.41957920372727,2326.9696969697,7.75232214085811
"231",2016-09-08,"changping","2016-09-08",22.90956697,12.8704705621791,0.732735250865672,-0.152659540910448,649.423844704776,97678.4313340299,5.12388059699892e-07,-0.00012527152238806,0.137985781895522,-83.3036462716418,1.52117159538806,1951,7.57609734062311
"232",2016-09-09,"changping","2016-09-09",23.9227100262121,12.2974216680455,0.614672689469697,-0.598200202787879,645.702874429242,97960.0974433333,-1.73e-18,-0.000123639878787879,0.138070816060606,-59.8805347534545,1.84430285127273,1602.72727272727,7.37946200259355
"233",2016-09-10,"changping","2016-09-10",23.54484703,12.1005867046029,-0.235882545911765,-0.461685973235294,522.539903373382,98062.5858952941,1.16148970588222e-05,-0.000112621352941176,0.137422520955882,-38.2475229655882,1.70148327066176,1602.70588235294,7.37944865626979
"234",2016-09-11,"changping","2016-09-11",19.251205953913,15.9592403905797,-1.07112632495652,-1.25155055936232,353.853075645507,98327.5734815942,0.000659104739130435,-9.45949710144928e-05,0.136794639405797,90.5432031598841,1.95963392402899,1871.89855072464,7.53470846258007
"235",2016-09-12,"changping","2016-09-12",20.3412805560563,15.7550495521127,0.164006393352113,0.00452370409859156,384.167601105493,98778.1766619718,6.97600704225341e-05,-0.000104386774647887,0.136798215267606,-19.3510918084789,1.34381486591549,2328.3661971831,7.75292209767628
"236",2016-09-13,"changping","2016-09-13",21.5856556287692,17.4304306638462,0.2187309524,0.579480157507692,364.218912364154,98585.6648095385,6.456843076923e-05,-0.000107967026307692,0.135003867630769,-22.9089618621846,1.36186645215385,3734.50769230769,8.22537127959087
"237",2016-09-14,"changping","2016-09-14",22.3996809289706,17.3311501248529,0.697987732632353,0.901564317220588,386.359488055882,98610.1142441176,9.74282352941031e-06,-0.000124760970588235,0.135398878485294,-6.14745950019118,1.69491158582353,4397.29411764706,8.3887446574707
"238",2016-09-15,"changping","2016-09-15",22.5829055529508,18.4513477244262,0.387085527459016,0.240615848672131,285.92364703082,98080.8475760656,4.28519672131009e-06,-0.000101076704918033,0.132836368639344,-33.1446953151148,1.36645938114754,3457.27868852459,8.14823705238673
"239",2016-09-16,"changping","2016-09-16",24.243077280597,18.0015565392537,0.120919571,0.156603719492537,367.168790942388,98160.0223423881,1.30263432835808e-05,-0.000119455537313433,0.134159325776119,-22.7614589949104,1.5147560210597,3304.82089552239,8.10313755884228
"240",2016-09-17,"changping","2016-09-17",20.2989186860294,16.6754251936765,-1.46074455363235,-1.41975702186765,420.621416408824,98667.2831341176,0.000314233161764706,-5.83112352941176e-05,0.134139743014706,105.622130457279,2.26952009533824,2173.22058823529,7.6839654883281
"241",2016-09-18,"changping","2016-09-18",17.6811506228985,14.8971932317391,-0.613209474637681,-1.18668939814493,320.439432188841,99013.3155044928,0.000428492101449275,-5.56931014492754e-05,0.134329588681159,54.982154073913,1.66130750498551,1309.15797101449,7.17713943931191
"242",2016-09-19,"changping","2016-09-19",17.5965543608571,9.72554942671429,0.103815759928571,-1.41900433504286,577.601010828571,99187.6355371429,6.99428571412013e-08,-0.0001214717,0.134294455,6.19453750494286,2.17781509088571,1871.75714285714,7.53463291724196
"243",2016-09-20,"changping","2016-09-20",17.8046069075857,9.2370170524,0.556672354028571,0.573629935142857,496.456574995571,99036.3902638571,-1.73e-18,-0.000125444672857143,0.133920580157143,-17.6363467085,1.67460785904286,2580.58571428571,7.85577167319126
"244",2016-09-21,"changping","2016-09-21",18.4470482073611,12.1528985030833,-0.0753138863472222,0.467551406875,338.113325640972,98942.6555047222,4.61676111111102e-05,-8.16338194444444e-05,0.1340276395,-46.8318392356528,1.43342310095833,4903.63888888889,8.49773283887071
"245",2016-09-22,"changping","2016-09-22",19.7517602323944,14.2827628705634,-0.312332034267606,-0.248403390915493,353.845314919155,98520.1937604225,8.26985915491301e-07,-8.95557605633803e-05,0.133525513605634,20.4195153640986,1.32206227721127,4420.54929577465,8.39401924241237
"246",2016-09-23,"changping","2016-09-23",21.0472695597222,16.3001342051389,-0.374174562375,0.0128748493194444,352.037127647083,98243.5271948611,1.12305555555402e-06,-9.44896055555556e-05,0.133499113805556,-36.2046960435556,1.41476988541667,4956.40555555556,8.50843607062694
"247",2016-09-24,"changping","2016-09-24",21.6928702197101,17.143504824058,0.403811916826087,0.775377821463768,335.214711491449,97971.6099223188,3.77459420289692e-06,-9.52817885507246e-05,0.132494677333333,-7.7272811067971,1.60730048486957,6042.5652173913,8.70658390563339
"248",2016-09-25,"changping","2016-09-25",21.7021991392424,17.3888725424242,-1.22705742933333,-0.539748017530303,416.400499342727,98191.2582390909,0.000101313318181817,-8.22495560606061e-05,0.131408042075758,-3.74879222984848,1.91220801254545,5044.71212121212,8.52609586896181
"249",2016-09-26,"changping","2016-09-26",19.5616579898551,17.4961970613043,-0.323024628942029,-0.312479098565217,241.584722181884,98341.5565331884,0.000407061985507246,-7.09225101449275e-05,0.131951355608696,39.5597330686522,1.4013386015942,3802.71014492754,8.24346928754461
"250",2016-09-27,"changping","2016-09-27",16.9964349444462,7.36973021358462,-0.0288169777384615,-3.69690175289231,665.870805296,99143.2487801539,-1.73e-18,-0.000110182738461538,0.133083800061538,10.5648172752615,4.01568178770769,831.869230769231,6.72367525391178
"251",2016-09-28,"changping","2016-09-28",14.0859668874776,1.61824930150746,-0.571603737358209,-0.669278962208955,560.93471505791,99652.3256228358,-1.73e-18,-0.000110685223880597,0.132521745477612,32.912441007194,1.99819771722388,2341.65671641791,7.75861395630826
"252",2016-09-29,"changping","2016-09-29",14.0075013295972,4.85472096072222,0.912337063236111,1.26184621686111,349.871995403194,98973.3169775,-1.73e-18,-9.08702361111111e-05,0.131919332833333,7.28639743252778,1.885949641,4810.30555555556,8.4785158861457
"253",2016-09-30,"changping","2016-09-30",17.3982643064507,8.97329466914085,0.31313210371831,0.919753916760563,285.715544247746,98569.3269814084,-1.73e-18,-9.61117323943662e-05,0.131481220619718,22.2155872324507,1.57634657588732,5762.74647887324,8.65916945929659
"254",2016-10-01,"changping","2016-10-01",18.4581407231944,11.24004310175,0.333997708777778,1.20989666152778,253.1267086675,98501.8180980556,-1.73e-18,-8.36066388888889e-05,0.131379213333333,1.76128809430556,1.59013103444444,9234.86111111111,9.13074085311701
"255",2016-10-02,"changping","2016-10-02",18.9235259961972,13.5288653628169,0.0608879494929577,0.354852616197183,347.768257919296,98305.574616338,-1.73e-18,-8.37838422535211e-05,0.130857420802817,37.2855140111408,1.6466076543662,7283.33802816901,8.89334455645528
"256",2016-10-03,"changping","2016-10-03",20.7403340986765,15.2804249588235,-0.86205795775,-0.663980724205882,328.143322799412,97989.4533882353,1.24994117647043e-05,-8.33666764705882e-05,0.129774921588235,18.6735232695882,2.06226249848529,4344.86764705882,8.37675057625944
"257",2016-10-04,"changping","2016-10-04",17.3454681741667,14.680633868875,-1.45443933098611,-1.67409653451389,329.44244275,98495.7426918056,0.000521200805555555,-7.41540694444444e-05,0.130597336069444,76.6955140549444,2.690028634625,2004.20833333333,7.60300441555059
"258",2016-10-05,"changping","2016-10-05",15.3176697269828,11.6723763026207,-0.187021480431034,0.65377440262069,310.759221679138,98675.6314317241,7.60310344826095e-07,-6.56824775862069e-05,0.127163234448276,-13.8736964423966,1.41435800375862,3895.53448275862,8.2675861716785
"259",2016-10-06,"changping","2016-10-06",15.0945123047619,12.8029665447143,-1.51955978255556,0.0577110151269841,355.011349442381,99328.0008044444,0.00048273119047619,-5.70368841269841e-05,0.128156618142857,-15.7916188698095,1.95092408566667,1873.1746031746,7.53538991922826
"260",2016-10-07,"changping","2016-10-07",13.2058861672857,12.1534744315397,-0.242829281920635,0.494141199285714,233.241972555556,98814.0445142857,0.000846739825396825,-4.06624285714286e-05,0.12785148584127,-36.2598915746825,1.70211199592064,1403.21111111111,7.24651853999528
"261",2016-10-08,"changping","2016-10-08",11.8515833859859,0.54557003884507,1.01495669461972,-1.77370733912676,823.879833711408,99169.4549322535,-1.73e-18,-0.000106498690140845,0.129339069887324,-69.4947230111268,2.85205194501408,1841.74507042254,7.51846880898681
"262",2016-10-09,"changping","2016-10-09",9.90111897871831,2.07843066094366,1.00818449490141,1.60090213957746,351.984515154507,99274.139915493,-1.73e-18,-7.20061408450704e-05,0.129075061619718,40.9266787433099,2.28818318680282,3796.64788732394,8.24187382148976
"263",2016-10-10,"changping","2016-10-10",11.3640574453239,6.78843734211268,0.435518548098592,0.794223986070423,231.608853876056,98785.5430392958,-1.73e-18,-7.46642366197183e-05,0.128805001760563,9.80415915222535,1.48374416861972,6971.02816901408,8.84951800636392
"264",2016-10-11,"changping","2016-10-11",13.2392840354789,7.83018356287324,-1.0107549211831,-0.44666240384507,326.966966577746,99138.9797640845,6.3239436618037e-08,-7.73079957746479e-05,0.128537535521127,29.1852245100845,2.1185495615493,3459.18309859155,8.14878774150313
"265",2016-10-12,"changping","2016-10-12",12.9918802487887,9.40427917529578,0.301435235253521,0.542765427056338,321.780060165915,99398.5441169014,4.34022535211134e-06,-3.93506338028169e-05,0.128268340197183,53.9781700746901,1.56337844130986,5783.9014084507,8.66283371812809
"266",2016-10-13,"changping","2016-10-13",14.531430426,11.3968494584789,0.545178250295775,0.579844301309859,204.270847159859,98973.4989933803,-1.73e-18,-6.81370901408451e-05,0.128002948774648,8.62823524321127,1.52092555526761,8311.35211267606,9.02537758372043
"267",2016-10-14,"changping","2016-10-14",16.4037031460141,10.8877435555211,0.980577638338028,1.6201791671831,287.533178117747,99094.0757753521,-1.73e-18,-7.82588704225352e-05,0.127733234661972,53.4594443836197,2.17441477576056,10240.2394366197,9.23408028080253
"268",2016-10-15,"changping","2016-10-15",14.5316536833803,10.9556672164507,0.26824209415493,0.321960066380282,131.551492629718,99239.6776333803,8.89052394366189e-05,-2.64162676056338e-05,0.127481501774648,23.5378758944648,1.08494920714085,8680.76056338028,9.06886442632502
"269",2016-10-16,"changping","2016-10-16",14.9565644490845,12.2376114670986,0.683549582690141,1.10413160919718,305.039862211549,98864.9608329577,2.89821126760439e-06,-6.4296476056338e-05,0.127404737183099,18.4817054539296,1.71256966009859,4497.74647887324,8.41133176785238
"270",2016-10-17,"changping","2016-10-17",14.6538958152254,7.12715224111268,-0.343515361309859,-0.256776039887324,314.583023381408,99082.7377304225,-1.73e-18,-7.92075070422535e-05,0.12741753128169,16.1588736852113,1.93955251171831,3329.77464788732,8.11065990737744
"271",2016-10-18,"changping","2016-10-18",14.7404339018592,11.0030729092676,0.122262179802817,0.470036344859155,276.644874594225,98993.7436514085,8.15999999998636e-07,-5.52580422535211e-05,0.127424792549296,18.2329003641972,1.62233297604225,5802.81690140845,8.66609875129035
"272",2016-10-19,"changping","2016-10-19",16.6682118997183,13.3164890843662,0.256064617985916,0.45741092171831,268.711684408169,98667.4749446479,2.52845070420903e-07,-6.0889585915493e-05,0.127439661549296,23.0060296831549,1.32034565508451,8613.56338028169,9.06109337710881
"273",2016-10-20,"changping","2016-10-20",12.6683971361831,8.3776611278169,-2.15822146208451,-1.81222816959155,542.267915069437,99137.4137623944,0.000544357704225352,-6.0644338028169e-05,0.12745435756338,114.671020702394,3.12621966687324,2322.85915492958,7.75055410025196
"274",2016-10-21,"changping","2016-10-21",9.55172080846479,7.15696454180282,-0.648782406478873,-1.13902731830986,265.596740603239,98910.2563221127,0.000353025352112676,-3.77211267605634e-05,0.127464731056338,78.7426151831127,1.44351521235211,2073.71830985915,7.6370985598251
"275",2016-10-22,"changping","2016-10-22",10.2886598534648,7.14809894219718,-1.59677177598592,-1.25189195616901,428.314637897887,99262.1528101408,1.11821126760558e-05,-3.59423943661972e-05,0.127478389591549,116.381265842521,2.22286094012676,1676.02816901408,7.42418208818843
"276",2016-10-23,"changping","2016-10-23",8.7225314715,2.32685272115714,0.124504896857143,0.687129641257143,329.114961160429,99275.4609298571,4.87018571428418e-06,-6.27543714285714e-05,0.127254490128571,12.4113879315857,1.20216704552857,2238.42857142857,7.7135293680491
"277",2016-10-24,"changping","2016-10-24",7.99786497049296,3.83058854740845,0.747457926478873,0.824458551915493,196.150993672958,98732.0260492958,1.08199295774634e-05,-3.14700056338028e-05,0.127494468887324,13.2510476880986,1.48139539846479,5101.94366197183,8.53737685629893
"278",2016-10-25,"changping","2016-10-25",10.5935063536143,7.64543523144286,0.916503801471429,0.882667258342857,204.933468536143,98464.1118574286,-1.73e-18,-5.65683085714286e-05,0.127279567185714,43.3875976193143,1.80875834298571,6031.48571428571,8.70474864648497
"279",2016-10-26,"changping","2016-10-26",11.2361629701429,3.7445222351,-1.5601467034,-0.727882787328571,479.920973372143,99331.8480822857,2.70031428571285e-06,-4.63964714285714e-05,0.127290439685714,42.9984390782571,2.64939002047143,1749.42857142857,7.46704448298259
"280",2016-10-27,"changping","2016-10-27",8.22759705842254,4.93806882476056,-0.843054034450704,-0.953725976591549,248.079556683239,99610.6442725352,0.000559843507042253,-3.36276056338028e-05,0.127525071140845,46.5079861998028,1.74638035621127,2064.57746478873,7.63268086692239
"281",2016-10-28,"changping","2016-10-28",7.72296086601538,-2.27089700153846,0.891778519830769,-2.20895648273846,741.988167759538,99839.8939384615,8.80092307690684e-07,-6.88250615384615e-05,0.126090198384615,-73.8969834177385,2.44654459627692,2179.74307692308,7.68696229421529
"282",2016-10-29,"changping","2016-10-29",4.88546488515493,-4.35032330514085,1.23046868722535,1.42394686698592,474.274641931972,100012.374558873,-1.73e-18,-6.01248591549296e-05,0.127548238732394,46.5707382528169,2.53356664674648,2959.76056338028,7.99286365329637
"283",2016-10-30,"changping","2016-10-30",6.15644512055224,-2.05927372495522,0.131442914507463,-1.63231231961194,537.713365399702,99484.302098806,7.98082089552094e-06,-5.04635820895522e-05,0.126635396955224,48.1686558813284,2.79927373920896,1705.12835820896,7.44139567029098
"284",2016-10-31,"changping","2016-10-31",1.5948021796338,-13.9821310926197,-0.0969885664507042,-1.56896949064789,796.373830002253,100542.485861268,-1.73e-18,-5.69715211267606e-05,0.127572270760563,-7.41512322990141,2.67273589750704,1800.77464788732,7.49597221124338
"285",2016-11-01,"changping","2016-11-01",0.248606337041667,-8.11751341783333,1.15122679858333,1.2311371361875,335.779078423125,99847.5499333333,-1.73e-18,-3.64231041666667e-05,0.12013184125,40.9076825598542,2.03616107527083,4307.125,8.36802590715444
"286",2016-11-02,"changping","2016-11-02",4.5425279480625,-2.87425330433333,0.8944630333125,0.5585286555,249.394098944167,99130.9142033333,-1.73e-18,-4.01322291666667e-05,0.1201579265,23.3467870833333,1.44093318189583,7315.10416666667,8.89769655349865
"287",2016-11-03,"changping","2016-11-03",5.60337050266667,0.888766863333333,0.000586114145833333,0.261830381291667,119.8157668875,98416.0005097917,-1.73e-18,-3.851e-05,0.1201794085,-48.3035112359375,1.1634156104375,12176.0416666667,9.40722550212802
"288",2016-11-04,"changping","2016-11-04",6.7797953860625,3.32565003785417,-0.136488123541667,-0.123269942791667,118.115988532292,97558.6069904167,-1.73e-18,-3.87112291666667e-05,0.12020089075,-14.5726009103542,1.241788980375,10827.8333333333,9.28987525842265
"289",2016-11-05,"changping","2016-11-05",8.53019449283333,2.90730264752083,-1.3131550945,-0.21397197925,281.579445268333,98079.86726375,-1.73e-18,-4.75038541666667e-05,0.12022390725,-69.921226175125,2.45743145164583,7002.39583333333,8.85400763138397
"290",2016-11-06,"changping","2016-11-06",5.5454015198125,-2.77804087858333,-0.471349213333333,1.58520729891667,335.882618210208,99228.5143047917,3.05583958333319e-05,-3.90869166666667e-05,0.120261500729167,-50.9526680096875,1.74047127435417,3788.04166666667,8.23960445389348
"291",2016-11-07,"changping","2016-11-07",5.4551202899375,-1.8748036999375,0.6324275369375,-2.63429508041667,552.560354318333,99482.1115114583,4.98888124999987e-05,-5.255225e-05,0.121987478604167,-31.8820281181042,2.81353021904167,1758.70833333333,7.47233491707949
"292",2016-11-08,"changping","2016-11-08",2.9801088926875,-4.76602332891667,0.716082798416667,0.587779767416667,308.527403484375,99907.5775341667,-1.73e-18,-3.9678e-05,0.120292956625,-18.8624398937708,1.8438791719375,6039.02083333333,8.70599716410048
"293",2016-11-09,"changping","2016-11-09",3.31224932052083,-1.15314256104167,0.188161872791667,1.45562172791667,293.567628270833,99399.628793125,1.10499999998414e-07,-2.41486483333333e-05,0.120312904125,-38.2381293589167,1.93862497345833,9908.70833333333,9.20116927910489
"294",2016-11-10,"changping","2016-11-10",4.91394096495833,-0.2263279023125,0.763657631583333,0.553555180145833,387.486853728542,98024.7238572917,6.18987499999906e-06,-2.9880235625e-05,0.120501383333333,-38.786293569,1.57199499258333,8100.20833333333,8.99964506049438
"295",2016-11-11,"changping","2016-11-11",4.04247561025,-1.55167218470833,-0.713461074895833,-1.29994899577083,178.300222019792,97970.3728922917,-1.73e-18,-3.01461041666667e-05,0.120358937,69.8142667046667,1.73815225789583,7064.5625,8.86284636821889
"296",2016-11-12,"changping","2016-11-12",5.1573497281875,-0.478953466270833,-0.224390313625,0.417344861333333,223.51777765,98536.0557275,-1.73e-18,-3.334316875e-05,0.120383488,-37.0948285354583,1.7254040184375,5526.875,8.61737783533
"297",2016-11-13,"changping","2016-11-13",6.121916013625,3.53787000683333,-0.0618806665,0.186333811854167,170.752170716875,98293.7203691667,1.70162499999899e-06,-1.76856666666667e-05,0.120400366875,7.06926952495833,1.2661771735,7522.89583333333,8.92570642703785
"298",2016-11-14,"changping","2016-11-14",6.48347277889583,-8.11022047958333,0.473730893020833,-2.53883580652083,541.600666671667,98751.6842125,-1.73e-18,-4.82584583333333e-05,0.12042338325,-28.1248729499375,2.81279589370833,2741.75,7.91635168164032
"299",2016-11-15,"changping","2016-11-15",3.14271163679167,-8.13925633889583,0.0226886079791667,0.770274859666667,228.617112713333,99098.4087779167,-1.73e-18,-3.04635833333333e-05,0.12044793425,57.3632002876667,1.62489560204167,8026.97916666667,8.99056354272104
"300",2016-11-16,"changping","2016-11-16",3.9332693614375,-2.29546127560417,-0.4570296778125,-0.7994660095625,126.494083881458,98640.1249075,-1.73e-18,-2.732925e-05,0.120584498375,20.33296415,1.279154427875,9271.14583333333,9.13466225753756
"301",2016-11-17,"changping","2016-11-17",3.8820066938125,-0.702090193583333,-0.5578203731875,-0.3627535924375,150.059741999167,98855.79149375,1.189083333332e-06,-1.14937604166667e-05,0.120773233125,61.1633565918958,1.32078469495833,6816.35416666667,8.82708002823121
"302",2016-11-18,"changping","2016-11-18",6.14391476016667,3.25407958939583,-0.239651559291667,-0.194392606020833,161.053942931042,98043.3157989583,1.03104999999991e-05,-1.36048333333333e-05,0.120958899,-17.3240120438333,0.881845709791667,9944.45833333333,9.2047707235738
"303",2016-11-19,"changping","2016-11-19",7.85178973066667,1.71832724797917,-0.568179186041667,0.00677759133333335,299.283025147708,98387.8611479167,1.25983333333207e-06,-3.4480625e-05,0.121152237125,-44.0755082365417,1.714308324125,3676.89583333333,8.20982415164607
"304",2016-11-20,"changping","2016-11-20",2.11778851339583,1.1272368796875,-2.11923138035417,-1.0487393458125,355.627657766042,98987.9467041667,0.000428767291666667,-2.851475e-05,0.161234618083333,50.427073269375,2.78307211935417,1734.27083333333,7.45834233507106
"305",2016-11-21,"changping","2016-11-21",-3.06784441214583,-8.428890167,-0.488752388229167,-4.37603366704167,853.83873413125,99516.2475352083,0.0002632729375,-3.78481666666667e-05,0.395374060354167,26.9873309701875,4.61931230733333,518.291666666667,6.25053814686202
"306",2016-11-22,"changping","2016-11-22",-5.79543495060417,-17.4647272314583,1.24448381179167,-2.49060489052083,785.74405995875,100225.675075417,-1.73e-18,-2.07396458333333e-05,0.164037765979167,-62.8740733302292,3.197826171375,1602.47916666667,7.3793071881903
"307",2016-11-23,"changping","2016-11-23",-5.26154620364583,-14.8227358345833,1.3910397793125,-0.158841103395833,386.089066475208,99924.2798116667,-1.73e-18,-1.4843875e-05,0.144131605520833,-12.783399930625,1.8695618343125,4411.89583333333,8.39205977024276
"308",2016-11-24,"changping","2016-11-24",-4.0423685598125,-11.95520692975,0.471210433270833,0.475512898979167,161.978898462292,99370.6893539583,-1.73e-18,-1.44615e-05,0.141325900354167,-46.2684667763333,1.39628579847917,9700.41666666667,9.17992411889538
"309",2016-11-25,"changping","2016-11-25",-2.729734347625,-7.6608667783125,0.2084825029375,0.462479641541667,117.917537250625,98977.1344235417,-1.73e-18,-1.22188522916667e-05,0.1351262915,-59.141138788375,1.23431818725,13057.9166666667,9.47714986994238
"310",2016-11-26,"changping","2016-11-26",0.62951996725,-6.65081749991667,0.763399122916667,0.3554319735625,227.352201509792,98563.1740564583,-1.73e-18,-1.99083958333333e-05,0.13227174025,-5.5681380145625,1.5304410545,10873.5833333333,9.29409157927201
"311",2016-11-27,"changping","2016-11-27",1.10376646584783,-11.4347524971522,0.678120153673913,-2.06625009395652,397.609894805652,99387.8286065217,-1.73e-18,-3.05665869565217e-05,0.130919684826087,-40.8355248817391,2.60938777965217,3108.86956521739,8.04201445524408
"312",2016-11-28,"changping","2016-11-28",-0.629920970979167,-8.92827523552083,0.750566012375,0.431410164125,123.149748400208,99680.5348216667,-1.73e-18,-1.706098125e-05,0.128948420541667,27.6736341795417,1.59075660097917,9987.0625,9.20904578435913
"313",2016-11-29,"changping","2016-11-29",-0.103678439395833,-5.63660082833333,-0.417653263604167,-0.663707824895833,103.83094767375,99800.9405345833,1.35820833333324e-05,-8.40027729166667e-06,0.1298179308125,21.1226923268958,1.20047436358333,8619.72916666667,9.06180894398394
"314",2016-11-30,"changping","2016-11-30",1.57533905297917,-4.090135568625,1.21722960895833,-0.316114974895833,279.39475552625,98974.6808941667,2.10874999999856e-06,-2.20395791666667e-05,0.133010056708333,-9.24689755604167,1.83546736785417,3808.70833333333,8.24504539051795
"315",2016-12-01,"changping","2016-12-01",1.92479411074648,-8.01665446332394,0.658008715197183,-0.352975119197183,228.793738008732,100101.368639718,-1.73e-18,-2.87328873239437e-05,0.131810237070423,-59.741792379493,1.8719809966338,4646.52112676056,8.44387407379876
"316",2016-12-02,"changping","2016-12-02",1.1500214865,-5.63933379258333,0.853649433680556,0.406113587583333,92.3915256180556,99844.9592498611,-1.73e-18,-2.10027972222222e-05,0.131762820916667,18.3834077111806,1.39955962886111,9840,9.1942109900463
"317",2016-12-03,"changping","2016-12-03",0.88286798771831,-3.50965316825352,-0.0277248795070422,-0.242090679323944,78.1401230416901,99043.8041090141,-1.73e-18,-1.64819154929577e-05,0.131405666112676,-57.8892241125352,0.990459062408451,11947.8169014085,9.38830385459592
"318",2016-12-04,"changping","2016-12-04",0.966675462267606,-2.99799017530986,-0.22259570671831,-0.81473335784507,80.6775772569014,98634.8156230986,-1.73e-18,-1.42399577464789e-05,0.131335817098592,-41.3493283062113,1.42164225153521,6443.48028169014,8.77082408953755
"319",2016-12-05,"changping","2016-12-05",0.552572337351852,-9.67712005911111,0.527737668851852,-1.87287610009259,430.267581056667,99335.7549575926,3.86255555555424e-06,-2.19934814814815e-05,0.128097351814815,-15.0163677647407,2.66014407083333,2804.77592592593,7.93907893096054
"320",2016-12-06,"changping","2016-12-06",-0.44038500421875,-8.80772092990625,0.6440788933125,0.54932379440625,122.012104857969,98947.5530342188,-1.73e-18,-2.1938125e-05,0.129327105140625,0.375739223859374,1.57715203110937,5805.215625,8.66651203814499
"321",2016-12-07,"changping","2016-12-07",2.282779112,-5.64964658095833,0.821508185458333,0.175158235916667,227.395343096042,97863.377765625,-1.73e-18,-2.76392708333333e-05,0.123341613208333,-22.1423335702083,1.59159398241667,5572.71875,8.62563831976098
"322",2016-12-08,"changping","2016-12-08",2.18422092268085,-8.53354435808511,0.769763622744681,-1.74707137221277,448.609480885532,97290.6595557447,1.728304255319e-05,-3.40481489361702e-05,0.125659641851064,-42.473644157234,2.22556619174468,1306.48936170213,7.17509894233443
"323",2016-12-09,"changping","2016-12-09",-1.605435824375,-11.0446994626458,0.33977722475,0.1145624345,215.678089242708,98267.3030395833,-1.73e-18,-2.2816375e-05,0.123819076770833,-32.9763758483542,1.37882481902083,2648.5,7.88174872098458
"324",2016-12-10,"changping","2016-12-10",-2.35233623162319,-9.21170425528985,0.156446387710145,0.0934057199710145,128.669319996957,99674.5527282609,-1.73e-18,-1.39601653623188e-05,0.131211626913043,-62.3255061586232,0.977654017173913,6968.24637681159,8.84911887623268
"325",2016-12-11,"changping","2016-12-11",-1.66532694598611,-6.07090057694444,0.434292929111111,0.924960427208333,184.824954980139,99397.7619788889,1.56494444444286e-06,-9.50629027777778e-06,0.132030323138889,-30.4664465332361,1.63672833561111,10138.9861111111,9.22414328310364
"326",2016-12-12,"changping","2016-12-12",1.039705986375,-2.65697508630556,-0.692620349833333,-0.881066389597222,122.668863556806,99344.3736277778,2.4332222222215e-06,-9.25600138888889e-06,0.132611872208333,79.8002465950139,1.33387943334722,8935.375,9.09777339649458
"327",2016-12-13,"changping","2016-12-13",-0.878205265591549,-5.83348144705634,-0.227832458352113,-0.468869858633803,263.923770794085,99983.5787191549,1.28797183098583e-05,-1.33910761971831e-05,0.138849769577465,-5.72321951576056,1.27499766101408,1884.66197183099,7.54150375851281
"328",2016-12-14,"changping","2016-12-14",-3.38659761198611,-13.1839009086944,0.0541928169305556,0.0228938794027778,283.988471237639,100185.903038611,-1.73e-18,-1.68279722222222e-05,0.13389073425,56.9195529689583,1.78592179220833,3542.98611111111,8.17272518476496
"329",2016-12-15,"changping","2016-12-15",-1.500260139125,-11.2107610215139,1.07311716420833,-1.36809347123611,405.799592725833,100126.083704861,-1.73e-18,-1.67150138888889e-05,0.132638468819444,-55.8126255858333,2.26403376905556,4190.55416666667,8.34058826351834
"330",2016-12-16,"changping","2016-12-16",-1.80705713025,-8.99370783831944,1.05177173163889,0.766890406375,109.939220563056,99564.1700565278,-1.73e-18,-1.45878e-05,0.132750652916667,50.6429957592639,1.79031255605556,10450.3055555556,9.25438649673156
"331",2016-12-17,"changping","2016-12-17",-1.52273306958333,-7.50015035322222,-0.508556001138889,-1.05027594665278,92.2396672452778,99161.5223336111,-1.73e-18,-1.23711805555556e-05,0.132844253097222,48.0662212255833,1.52718661651389,10476.8888888889,9.25692705205562
"332",2016-12-18,"changping","2016-12-18",-1.47218167743056,-5.70207117938889,0.233388585097222,-0.332182117902778,82.9279880437361,99342.7887390278,-1.73e-18,-1.04464583333333e-05,0.132946207333333,-66.1321173928056,0.989578100527778,10581.4027777778,9.26685328431498
"333",2016-12-19,"changping","2016-12-19",-1.44295162634722,-5.13064003556944,0.517754309027778,-0.0262773445,69.1226815870278,99445.1053966667,-1.73e-18,-9.70512361111111e-06,0.133042535486111,-68.2398283952361,1.00917671618056,11427.0138888889,9.34373547059088
"334",2016-12-20,"changping","2016-12-20",-2.46384636385714,-4.6749424915,-0.0480290845142857,0.159160551142857,63.6164351081429,99715.7896351429,5.77657142855611e-07,-6.36953428571429e-06,0.132903822985714,-55.8638674167857,1.02133620968571,12776.1285714286,9.45533375335615
"335",2016-12-21,"changping","2016-12-21",0.0188049586805555,-2.32009570322222,0.0728916127777778,-0.127673335986111,93.3486935286111,99521.8048056944,1.44094999999992e-05,-5.87756958333333e-06,0.141104601375,7.74316047586111,0.911620713833333,11296.6805555556,9.33226420540012
"336",2016-12-22,"changping","2016-12-22",0.788862696819444,-7.74611714745833,1.18445439886111,-1.97717055509722,506.661161702222,99273.7191519444,4.05955555555409e-06,-2.00215291666667e-05,0.137698166694444,-87.2063762950972,2.45839783523611,1041.58333333333,6.94849727030222
"337",2016-12-23,"changping","2016-12-23",-2.63570639705634,-10.2501577486056,0.051968619084507,0.418265465028169,258.185041005352,99832.2949685916,-1.73e-18,-1.60325070422535e-05,0.134156574887324,25.3742792624648,1.71958045328169,4385.85915492958,8.38614081604306
"338",2016-12-24,"changping","2016-12-24",-2.66349548636735,-7.90287880138775,0.100100469816327,0.680927018979592,173.495235804898,98523.0024906122,-1.73e-18,-1.2368187755102e-05,0.126705277,-28.9069008972449,1.03891196067347,6851.5306122449,8.83222735333875
"339",2016-12-25,"changping","2016-12-25",-1.95586620305556,-6.16495380976389,0.221755693666667,0.194409975708333,132.340631171111,99749.3682002778,2.82916666666532e-06,-8.13351125e-06,0.134065488902778,4.77408443180556,1.22347556901389,8346.69444444445,9.02962086454891
"340",2016-12-26,"changping","2016-12-26",-1.12570565395833,-4.99728345315278,-0.301730576916667,-0.258949495458333,282.345639787083,100014.212003472,4.46669166666662e-05,-9.28399305555555e-06,0.155087521013889,30.3154380131944,1.73384724745833,2560.38888888889,7.84791443565872
"341",2016-12-27,"changping","2016-12-27",-4.16207459490278,-10.5779816221667,0.519662349375,0.0105420993611111,375.316325640278,100293.309631389,2.63599999999849e-06,-1.26647777777778e-05,0.138719244680556,-0.220119555819444,1.93113241693056,3710.06944444444,8.21880587360539
"342",2016-12-28,"changping","2016-12-28",-4.65771628316901,-12.426226036338,0.885417309394366,-0.997941537352113,350.381544079718,100101.523176761,-1.73e-18,-1.07331647887324e-05,0.135324989338028,-23.0250695948451,2.14104899784507,1489.70422535211,7.30633287275939
"343",2016-12-29,"changping","2016-12-29",-5.90949311656944,-13.8398123601528,0.865657778222222,0.306080551194444,188.226812579722,100343.45201375,-1.73e-18,-1.00994388888889e-05,0.135333098486111,-17.111290040625,1.79160944659722,5268.56944444444,8.56951415201838
"344",2016-12-30,"changping","2016-12-30",-5.66713433225,-10.4912062282639,0.331351072069444,0.596435842388889,124.131075599722,99803.5134363889,-1.73e-18,-7.95612097222222e-06,0.13446171275,-36.7985718454444,1.20924426258333,10739.1388888889,9.28165018690513
"345",2016-12-31,"changping","2016-12-31",-4.41183968051852,-8.94551103031482,0.228803133203704,0.0604319326296296,106.887480875926,99757.3349709259,-1.73e-18,-1.02132e-05,0.136500345037037,-17.2432725307963,1.05695796338889,10573.0925925926,9.26606761815115
