,0,1
0,2016063015,9558
1,2016063016,-1052
2,2016063017,8404
3,2016063018,6824
4,2016063019,4228
5,2016063020,3375
6,2016063021,3563
7,2016063022,5582
8,2016063023,-2278
9,2016070100,3904
10,2016070101,4922
11,2016070102,-396
12,2016070103,-2306
13,2016070104,1438
14,2016070105,927
15,2016070106,658
16,2016070107,2436
17,2016070108,1671
18,2016070109,1982
19,2016070110,-273
20,2016070111,-775
21,2016070112,1249
22,2016070113,4712
23,2016070114,-1366
24,2016070115,3891
25,2016070116,4169
26,2016070117,1919
27,2016070118,-4595
28,2016070119,-5795
29,2016070120,2839
30,2016070121,10897
31,2016070122,4072
32,2016070123,-30
33,2016070200,7693
34,2016070201,6758
35,2016070202,3989
36,2016070203,5303
37,2016070204,-5720
38,2016070205,1829
39,2016070206,4693
40,2016070207,700
41,2016070208,2856
42,2016070209,-5439
43,2016070210,4151
44,2016070211,-7276
45,2016070212,2452
46,2016070213,2070
47,2016070214,4017
48,2016070215,4769
49,2016070216,4071
50,2016070217,5830
51,2016070218,5754
52,2016070219,-3094
53,2016070220,7240
54,2016070221,8521
55,2016070222,5453
56,2016070223,8431
57,2016070300,1156
58,2016070301,4151
59,2016070302,6410
60,2016070303,-6558
61,2016070304,3682
62,2016070305,6050
63,2016070306,-3813
64,2016070307,1518
65,2016070308,6589
66,2016070309,6529
67,2016070310,2642
68,2016070311,925
69,2016070312,281
70,2016070313,4805
71,2016070314,7830
72,2016070315,-1002
73,2016070316,6719
74,2016070317,-5705
75,2016070318,7963
76,2016070319,5962
77,2016070320,-5928
78,2016070321,12836
79,2016070322,11577
80,2016070323,6643
81,2016070400,7697
82,2016070401,7724
83,2016070402,1297
84,2016070403,-7031
85,2016070404,-10854
86,2016070405,-10620
87,2016070406,-8762
88,2016070407,-5450
89,2016070408,2251
90,2016070409,4429
91,2016070410,379
92,2016070411,1584
93,2016070412,1690
94,2016070413,-1587
95,2016070414,4361
96,2016070415,3928
97,2016070416,4624
98,2016070417,6168
99,2016070418,4558
100,2016070419,-4994
101,2016070420,6784
102,2016070421,5226
103,2016070422,4129
104,2016070423,3562
105,2016070500,-444
106,2016070501,-3506
107,2016070502,5229
108,2016070503,3535
109,2016070504,4600
110,2016070505,43
111,2016070506,360
112,2016070507,5131
113,2016070508,5049
114,2016070509,-412
115,2016070510,5353
116,2016070511,-1059
117,2016070512,4346
118,2016070513,6430
119,2016070514,8281
120,2016070515,-1173
121,2016070516,5383
122,2016070517,-3291
123,2016070518,4414
124,2016070519,3368
125,2016070520,-3058
126,2016070521,5471
127,2016070522,10867
128,2016070523,-4392
129,2016070600,3683
130,2016070601,-247
131,2016070602,-991
132,2016070603,5111
133,2016070604,1093
134,2016070605,-2558
135,2016070606,-475
136,2016070607,4223
137,2016070608,-315
138,2016070609,6185
139,2016070610,5919
140,2016070611,-4151
141,2016070612,-494
142,2016070613,-5396
143,2016070614,1913
144,2016070615,3310
145,2016070616,3557
146,2016070617,1530
147,2016070618,4449
148,2016070619,-1765
149,2016070620,7936
150,2016070621,7178
151,2016070622,5095
152,2016070623,7033
153,2016070700,-7109
154,2016070701,1409
155,2016070702,3660
156,2016070703,-154
157,2016070704,5293
158,2016070705,-3338
159,2016070706,9305
160,2016070707,-1389
161,2016070708,289
162,2016070709,137
163,2016070710,2075
164,2016070711,5554
165,2016070712,6612
166,2016070713,3380
167,2016070714,3431
168,2016070715,4037
169,2016070716,513
170,2016070717,6044
171,2016070718,7001
172,2016070719,-1854
173,2016070720,5034
174,2016070721,3283
175,2016070722,4600
176,2016070723,6282
177,2016070800,-9716
178,2016070801,3811
179,2016070802,3483
180,2016070803,5263
181,2016070804,4698
182,2016070805,-3035
183,2016070806,-3956
184,2016070807,-2474
185,2016070808,-234
186,2016070809,-8031
187,2016070810,-4095
188,2016070811,6665
189,2016070812,-7298
190,2016070813,7164
191,2016070814,4324
192,2016070815,5633
193,2016070816,7218
194,2016070817,5792
195,2016070818,875
196,2016070819,1708
197,2016070820,6177
198,2016070821,1631
199,2016070822,5317
200,2016070823,6166
201,2016070900,7493
202,2016070901,-10068
203,2016070902,3389
204,2016070903,5392
205,2016070904,670
206,2016070905,348
207,2016070906,-1725
208,2016070907,-2609
209,2016070908,4028
210,2016070909,-5650
211,2016070910,-3379
212,2016070911,-6709
213,2016070912,7042
214,2016070913,-2629
215,2016070914,5153
216,2016070915,5778
217,2016070916,5678
218,2016070917,3409
219,2016070918,4519
220,2016070919,5060
221,2016070920,5421
222,2016070921,-2078
223,2016070922,6053
224,2016070923,7306
225,2016071000,7617
226,2016071001,8129
227,2016071002,7056
228,2016071003,7319
229,2016071004,5624
230,2016071005,-8082
231,2016071006,1646
232,2016071007,823
233,2016071008,2048
234,2016071009,-677
235,2016071010,156
236,2016071011,-409
237,2016071012,4743
238,2016071013,1706
239,2016071014,3266
240,2016071015,-1529
241,2016071016,2763
242,2016071017,8045
243,2016071018,5415
244,2016071019,5429
245,2016071020,6085
246,2016071021,3499
247,2016071022,1426
248,2016071023,1782
249,2016071100,7291
250,2016071101,4283
251,2016071102,991
252,2016071103,5477
253,2016071104,3798
254,2016071105,5096
255,2016071106,-1717
256,2016071107,-6451
257,2016071108,-1101
258,2016071109,1890
259,2016071110,5906
260,2016071111,6377
261,2016071112,2151
262,2016071113,5216
263,2016071114,-1160
264,2016071115,4434
265,2016071116,1793
266,2016071117,2592
267,2016071118,5009
268,2016071119,5156
269,2016071120,4837
270,2016071121,-302
271,2016071122,-3747
272,2016071123,-4899
273,2016071200,3534
274,2016071201,7782
275,2016071202,4823
276,2016071203,4216
277,2016071204,557
278,2016071205,-159
279,2016071206,4226
280,2016071207,3283
281,2016071208,7314
282,2016071209,2717
283,2016071210,3231
284,2016071211,3800
285,2016071212,5460
286,2016071213,2740
287,2016071214,4388
288,2016071215,6403
289,2016071216,12571
290,2016071217,7466
291,2016071218,6276
292,2016071219,5138
293,2016071220,8091
294,2016071221,5380
295,2016071222,7601
296,2016071223,6393
297,2016071300,6218
298,2016071301,-2847
299,2016071302,-2647
300,2016071303,2992
301,2016071304,-91
302,2016071305,1670
303,2016071306,-1324
304,2016071307,-164
305,2016071308,-2502
306,2016071309,-254
307,2016071310,2004
308,2016071311,981
309,2016071312,3227
310,2016071313,-6929
311,2016071314,1702
312,2016071315,2471
313,2016071316,1983
314,2016071317,734
315,2016071318,1857
316,2016071319,4131
317,2016071320,4175
318,2016071321,8304
319,2016071322,9944
320,2016071323,7560
321,2016071400,4001
322,2016071401,4304
323,2016071402,2822
324,2016071403,-1407
325,2016071404,-378
326,2016071405,5057
327,2016071406,3474
328,2016071407,-1506
329,2016071408,3446
330,2016071409,-2299
331,2016071410,2395
332,2016071411,1242
333,2016071412,-4545
334,2016071413,4474
335,2016071414,-1520
336,2016071415,5786
337,2016071416,2800
338,2016071417,3479
339,2016071418,2070
340,2016071419,1693
341,2016071420,1566
342,2016071421,4088
343,2016071422,3103
344,2016071423,3347
345,2016071500,3343
346,2016071501,-2452
347,2016071502,5283
348,2016071503,3995
349,2016071504,4399
350,2016071505,3426
351,2016071506,1644
352,2016071507,1288
353,2016071508,3086
354,2016071509,1883
355,2016071510,4519
356,2016071511,4252
357,2016071512,1197
358,2016071513,4469
359,2016071514,4739
360,2016071515,3335
361,2016071516,2572
362,2016071517,2467
363,2016071518,1903
364,2016071519,657
365,2016071520,2493
366,2016071521,5027
367,2016071522,5006
368,2016071523,5498
369,2016071600,3852
370,2016071601,2888
371,2016071602,3553
372,2016071603,3065
373,2016071604,-4526
374,2016071605,4169
375,2016071606,1874
376,2016071607,2038
377,2016071608,1556
378,2016071609,2160
379,2016071610,5355
380,2016071611,3612
381,2016071612,3400
382,2016071613,9349
383,2016071614,6070
384,2016071615,9848
385,2016071616,5521
386,2016071617,4224
387,2016071618,8542
388,2016071619,7610
389,2016071620,1108
390,2016071621,15782
391,2016071622,12251
392,2016071623,2999
393,2016071700,5019
394,2016071701,6654
395,2016071702,-1536
396,2016071703,-59
397,2016071704,7371
398,2016071705,5654
399,2016071706,1992
400,2016071707,3667
401,2016071708,-1752
402,2016071709,5705
403,2016071710,-6802
404,2016071711,3533
405,2016071712,3028
406,2016071713,1831
407,2016071714,1809
408,2016071715,11579
409,2016071716,-2461
410,2016071717,7336
411,2016071718,2691
412,2016071719,6136
413,2016071720,8997
414,2016071721,5497
415,2016071722,3203
416,2016071723,10846
417,2016071800,5131
418,2016071801,4102
419,2016071802,7796
420,2016071803,2934
421,2016071804,5458
422,2016071805,3366
423,2016071806,7850
424,2016071807,7736
425,2016071808,3682
426,2016071809,7139
427,2016071810,3470
428,2016071811,10773
429,2016071812,13607
430,2016071813,15697
431,2016071814,11562
432,2016071815,9549
433,2016071816,250
434,2016071817,6984
435,2016071818,6412
436,2016071819,-8073
437,2016071820,8396
438,2016071821,5621
439,2016071822,-8840
440,2016071823,5005
441,2016071900,2188
442,2016071901,6642
443,2016071902,3376
444,2016071903,11348
445,2016071904,-807
446,2016071905,6881
447,2016071906,7492
448,2016071907,5916
449,2016071908,8829
450,2016071909,6444
451,2016071910,5181
452,2016071911,5288
453,2016071912,3021
454,2016071913,6801
455,2016071914,5136
456,2016071915,1338
457,2016071916,5065
458,2016071917,5079
459,2016071918,4950
460,2016071919,4158
461,2016071920,4430
462,2016071921,943
463,2016071922,254
464,2016071923,146
465,2016072000,1989
466,2016072001,1638
467,2016072002,2048
468,2016072003,-1787
469,2016072004,761
470,2016072005,814
471,2016072006,1140
472,2016072007,-491
473,2016072008,-1569
474,2016072009,952
475,2016072010,1270
476,2016072011,996
477,2016072012,1138
478,2016072013,1185
479,2016072014,1674
480,2016072015,1781
481,2016072016,1899
482,2016072017,1758
483,2016072018,1703
484,2016072019,1625
485,2016072020,1531
486,2016072021,2178
487,2016072022,2608
488,2016072023,3803
489,2016072100,4970
490,2016072101,-507
491,2016072102,4099
492,2016072103,2813
493,2016072104,2431
494,2016072105,1696
495,2016072106,2877
496,2016072107,3390
497,2016072108,229
498,2016072109,5351
499,2016072110,-1985
500,2016072111,8356
501,2016072112,5969
502,2016072113,1870
503,2016072114,11825
504,2016072115,7857
505,2016072116,7552
506,2016072117,2775
507,2016072118,10615
508,2016072119,9014
509,2016072120,7916
510,2016072121,4020
511,2016072122,2693
512,2016072123,8871
513,2016072200,-2577
514,2016072201,6187
515,2016072202,6835
516,2016072203,-4964
517,2016072204,1167
518,2016072205,4955
519,2016072206,-8222
520,2016072207,5768
521,2016072208,3649
522,2016072209,-5004
523,2016072210,6627
524,2016072211,2746
525,2016072212,3635
526,2016072213,4671
527,2016072214,-893
528,2016072215,7454
529,2016072216,6585
530,2016072217,6502
531,2016072218,10988
532,2016072219,-5393
533,2016072220,8851
534,2016072221,5576
535,2016072222,16730
536,2016072223,12461
537,2016072300,10757
538,2016072301,6018
539,2016072302,6839
540,2016072303,698
541,2016072304,-350
542,2016072305,4146
543,2016072306,5387
544,2016072307,5740
545,2016072308,5047
546,2016072309,7224
547,2016072310,8736
548,2016072311,-4976
549,2016072312,7759
550,2016072313,8298
551,2016072314,3933
552,2016072315,3647
553,2016072316,3340
554,2016072317,4805
555,2016072318,1647
556,2016072319,5853
557,2016072320,3744
558,2016072321,5797
559,2016072322,7841
560,2016072323,7656
561,2016072400,4309
562,2016072401,4690
563,2016072402,3720
564,2016072403,378
565,2016072404,3313
566,2016072405,3991
567,2016072406,4423
568,2016072407,1838
569,2016072408,2106
570,2016072409,6078
571,2016072410,-9018
572,2016072411,2999
573,2016072412,4024
574,2016072413,-7335
575,2016072414,-7008
576,2016072415,8767
577,2016072416,4613
578,2016072417,128
579,2016072418,3746
580,2016072419,2478
581,2016072420,2502
582,2016072421,-4839
583,2016072422,5204
584,2016072423,188
585,2016072500,4314
586,2016072501,-6985
587,2016072502,3894
588,2016072503,2812
589,2016072504,-4973
590,2016072505,1914
591,2016072506,7547
592,2016072507,2327
593,2016072508,3714
594,2016072509,610
595,2016072510,3461
596,2016072511,3622
597,2016072512,-1548
598,2016072513,4964
599,2016072514,8598
600,2016072515,5684
601,2016072516,-4426
602,2016072517,-4051
603,2016072518,1729
604,2016072519,3417
605,2016072520,3807
606,2016072521,3653
607,2016072522,7464
608,2016072523,-58
609,2016072600,210
610,2016072601,2188
611,2016072602,-350
612,2016072603,-87
613,2016072604,2518
614,2016072605,453
615,2016072606,2532
616,2016072607,1036
617,2016072608,-4198
618,2016072609,3042
619,2016072610,2638
620,2016072611,5430
621,2016072612,5616
622,2016072613,2030
623,2016072614,4266
624,2016072615,4073
625,2016072616,3682
626,2016072617,726
627,2016072618,-685
628,2016072619,-2888
629,2016072620,-914
630,2016072621,9065
631,2016072622,11363
632,2016072623,9539
633,2016072700,-3749
634,2016072701,6376
635,2016072702,6280
636,2016072703,-105
637,2016072704,-3061
638,2016072705,2939
639,2016072706,4674
640,2016072707,1879
641,2016072708,8628
642,2016072709,-10586
643,2016072710,2323
644,2016072711,2653
645,2016072712,5263
646,2016072713,-9952
647,2016072714,5726
648,2016072715,2023
649,2016072716,352
650,2016072717,978
651,2016072718,2473
652,2016072719,3928
653,2016072720,3517
654,2016072721,4282
655,2016072722,-3030
656,2016072723,7253
657,2016072800,3563
658,2016072801,4525
659,2016072802,3697
660,2016072803,6024
661,2016072804,2338
662,2016072805,-45
663,2016072806,2491
664,2016072807,-201
665,2016072808,-1279
666,2016072809,2298
667,2016072810,5201
668,2016072811,7869
669,2016072812,1593
670,2016072813,10183
671,2016072814,10480
672,2016072815,6485
673,2016072816,7921
674,2016072817,11556
675,2016072818,1038
676,2016072819,11797
677,2016072820,9526
678,2016072821,-3785
679,2016072822,8257
680,2016072823,3580
681,2016072900,6327
682,2016072901,5482
683,2016072902,5638
684,2016072903,4669
685,2016072904,7065
686,2016072905,-1446
687,2016072906,-12305
688,2016072907,3133
689,2016072908,4397
690,2016072909,2641
691,2016072910,-264
692,2016072911,6222
693,2016072912,2039
694,2016072913,-4537
695,2016072914,1691
696,2016072915,4031
697,2016072916,5198
698,2016072917,4581
699,2016072918,-2414
700,2016072919,-12579
701,2016072920,-716
702,2016072921,8740
703,2016072922,7435
704,2016073023,2889
705,2016073100,2939
706,2016073101,4377
707,2016073102,-48
708,2016073103,574
709,2016073104,2401
710,2016073105,5489
711,2016073106,-124
712,2016073107,2490
713,2016073108,5740
714,2016073109,6177
715,2016073110,6255
716,2016073111,5371
717,2016073112,7237
718,2016073113,10122
719,2016073114,5712
720,2016073115,1062
721,2016073116,7986
722,2016073117,7847
723,2016073118,-4321
724,2016073119,7291
725,2016073120,7342
726,2016073121,5671
727,2016073122,9096
728,2016073123,1514
729,2016080100,744
730,2016080101,2974
731,2016080102,6234
732,2016080103,4610
733,2016080104,1102
734,2016080105,-3742
735,2016080106,3676
736,2016080107,5540
737,2016080108,-2322
738,2016080109,4976
739,2016080110,-1695
740,2016080111,6493
741,2016080112,7790
742,2016080113,2977
743,2016080114,4711
744,2016080115,9855
745,2016080116,7684
746,2016080117,4418
747,2016080118,8169
748,2016080119,-11509
749,2016080120,7711
750,2016080121,8785
751,2016080122,6916
752,2016080123,8582
753,2016080200,8111
754,2016080201,8799
755,2016080202,3865
756,2016080203,-2861
757,2016080204,4400
758,2016080205,-3843
759,2016080206,2671
760,2016080207,3879
761,2016080208,3789
762,2016080209,2286
763,2016080210,4209
764,2016080211,-7006
765,2016080212,961
766,2016080213,-741
767,2016080214,-10646
768,2016080215,-4770
769,2016080216,3878
770,2016080217,4956
771,2016080218,3786
772,2016080219,8887
773,2016080220,7645
774,2016080221,10405
775,2016080222,9030
776,2016080223,-994
777,2016080300,7207
778,2016080301,7299
779,2016080302,4892
780,2016080303,4655
781,2016080304,4638
782,2016080305,6963
783,2016080306,3700
784,2016080307,4023
785,2016080308,-6593
786,2016080309,-5339
787,2016080310,7376
788,2016080311,4247
789,2016080312,4182
790,2016080313,5642
791,2016080314,1703
792,2016080315,225
793,2016080316,6079
794,2016080317,7256
795,2016080318,8202
796,2016080319,-1404
797,2016080320,6493
798,2016080321,11329
799,2016080322,3388
800,2016080323,5317
801,2016080400,-2148
802,2016080401,4075
803,2016080402,3851
804,2016080403,6393
805,2016080404,-2942
806,2016080405,-6987
807,2016080406,6288
808,2016080407,-1801
809,2016080408,-8577
810,2016080409,-5739
811,2016080410,6657
812,2016080411,-8206
813,2016080412,8097
814,2016080413,3545
815,2016080414,4191
816,2016080415,6106
817,2016080416,1760
818,2016080417,2424
819,2016080418,5205
820,2016080419,-695
821,2016080420,8236
822,2016080421,2039
823,2016080422,7744
824,2016080423,7186
825,2016080500,4472
826,2016080501,3234
827,2016080502,4027
828,2016080503,3853
829,2016080504,3085
830,2016080505,-3571
831,2016080506,1491
832,2016080507,4322
833,2016080508,4624
834,2016080509,1099
835,2016080510,-1070
836,2016080511,5771
837,2016080512,7309
838,2016080513,7474
839,2016080514,8237
840,2016080515,5732
841,2016080516,7468
842,2016080517,7188
843,2016080518,2849
844,2016080519,449
845,2016080520,7640
846,2016080521,9742
847,2016080522,-2212
848,2016080523,10053
849,2016080600,-54
850,2016080601,8120
851,2016080602,6236
852,2016080603,6127
853,2016080604,6083
854,2016080605,7284
855,2016080606,7136
856,2016080607,1142
857,2016080608,-11629
858,2016080609,-1796
859,2016080610,7397
860,2016080611,4336
861,2016080612,5848
862,2016080613,7396
863,2016080614,6748
864,2016080615,9732
865,2016080616,3876
866,2016080617,2404
867,2016080618,344
868,2016080619,5035
869,2016080620,606
870,2016080621,5009
871,2016080622,4706
872,2016080623,-7950
873,2016080700,4281
874,2016080701,5413
875,2016080702,-13326
876,2016080703,5126
877,2016080704,5191
878,2016080705,2294
879,2016080706,-1028
880,2016080707,1796
881,2016080708,595
882,2016080709,-1555
883,2016080710,-1581
884,2016080711,-1093
885,2016080712,1015
886,2016080713,6938
887,2016080714,217
888,2016080715,10829
889,2016080716,2812
890,2016080717,2467
891,2016080718,10095
892,2016080719,5536
893,2016080720,5646
894,2016080721,3852
895,2016080722,2419
896,2016080723,8212
897,2016080800,7305
898,2016080801,7887
899,2016080802,2985
900,2016080803,5659
901,2016080804,301
902,2016080805,1530
903,2016080806,297
904,2016080807,1376
905,2016080808,323
906,2016080809,1467
907,2016080810,1040
908,2016080811,18.2
909,2016080812,785
910,2016080813,3760
911,2016080814,7500
912,2016080815,6366
913,2016080816,4815
914,2016080817,12044
915,2016080818,9390
916,2016080819,7676
917,2016080820,1616
918,2016080821,6632
919,2016080822,9178
920,2016080823,9449
921,2016080900,1726
922,2016080901,2863
923,2016080902,587
924,2016080903,3320
925,2016080904,2684
926,2016080905,-1815
927,2016080906,3350
928,2016080907,4479
929,2016080908,-6156
930,2016080909,3522
931,2016080910,-10213
932,2016080911,5147
933,2016080912,6510
934,2016080913,8150
935,2016080914,3287
936,2016080915,4230
937,2016080916,4345
938,2016080917,4353
939,2016080918,4243
940,2016080919,1393
941,2016080920,8025
942,2016080921,-5839
943,2016080922,8658
944,2016080923,-11642
945,2016081000,7840
946,2016081001,-16096
947,2016081002,-15764
948,2016081003,2419
949,2016081004,1208
950,2016081005,1632
951,2016081006,4009
952,2016081007,-2431
953,2016081008,-4227
954,2016081009,-5496
955,2016081010,-3065
956,2016081011,6653
957,2016081012,-8035
958,2016081013,7167
959,2016081014,7855
960,2016081015,7496
961,2016081016,6112
962,2016081017,-2040
963,2016081018,2189
964,2016081019,2249
965,2016081020,3571
966,2016081021,5215
967,2016081022,6304
968,2016081023,6775
969,2016081100,3058
970,2016081101,6670
971,2016081102,-7106
972,2016081103,-1879
973,2016081104,6106
974,2016081105,6988
975,2016081106,2504
976,2016081107,-6237
977,2016081108,-15567
978,2016081109,406
979,2016081110,3014
980,2016081111,7164
981,2016081112,-2657
982,2016081113,8217
983,2016081114,-5962
984,2016081115,8599
985,2016081116,8665
986,2016081117,-1760
987,2016081118,4728
988,2016081119,2275
989,2016081120,4785
990,2016081121,6595
991,2016081122,7888
992,2016081123,3316
993,2016081200,6578
994,2016081201,7974
995,2016081202,-6344
996,2016081203,6067
997,2016081204,93
998,2016081205,3638
999,2016081206,9260
1000,2016081207,451
1001,2016081208,5142
1002,2016081209,3311
1003,2016081210,-43
1004,2016081211,8107
1005,2016081212,7033
1006,2016081213,-2741
1007,2016081214,5464
1008,2016081215,5819
1009,2016081216,-9710
1010,2016081217,7492
1011,2016081218,2757
1012,2016081219,11363
1013,2016081220,5108
1014,2016081221,4066
1015,2016081222,7422
1016,2016081223,4060
1017,2016081300,9701
1018,2016081301,1291
1019,2016081302,-11492
1020,2016081303,3811
1021,2016081304,1860
1022,2016081305,3741
1023,2016081306,2096
1024,2016081307,4041
1025,2016081308,-3381
1026,2016081309,690
1027,2016081310,1476
1028,2016081311,-4255
1029,2016081312,3637
1030,2016081313,-4693
1031,2016081314,3262
1032,2016081315,2575
1033,2016081316,7049
1034,2016081317,5933
1035,2016081318,6799
1036,2016081319,344
1037,2016081320,3574
1038,2016081321,5366
1039,2016081322,3730
1040,2016081323,8.7
1041,2016081400,6074
1042,2016081401,2399
1043,2016081402,15511
1044,2016081403,3265
1045,2016081404,2192
1046,2016081405,779
1047,2016081406,-721
1048,2016081407,3772
1049,2016081408,-1223
1050,2016081409,4186
1051,2016081410,4615
1052,2016081411,654
1053,2016081412,7206
1054,2016081413,10913
1055,2016081414,7943
1056,2016081415,543
1057,2016081416,4016
1058,2016081417,11319
1059,2016081418,11950
1060,2016081419,1333
1061,2016081420,1948
1062,2016081421,2259
1063,2016081422,552
1064,2016081423,-919
1065,2016081500,-2444
1066,2016081501,283
1067,2016081502,2997
1068,2016081503,1760
1069,2016081504,257
1070,2016081505,2081
1071,2016081506,2020
1072,2016081507,-3410
1073,2016081508,1660
1074,2016081509,2763
1075,2016081510,-1783
1076,2016081511,359
1077,2016081512,-2047
1078,2016081513,1297
1079,2016081514,4087
1080,2016081515,4672
1081,2016081516,4018
1082,2016081517,5013
1083,2016081518,5685
1084,2016081519,1393
1085,2016081520,4284
1086,2016081521,5150
1087,2016081522,10133
1088,2016081523,7989
1089,2016081600,3127
1090,2016081601,3308
1091,2016081602,179
1092,2016081603,-851
1093,2016081604,1528
1094,2016081605,2349
1095,2016081606,-263
1096,2016081607,2646
1097,2016081608,-2872
1098,2016081609,3191
1099,2016081610,3242
1100,2016081611,3137
1101,2016081612,3256
1102,2016081613,4180
1103,2016081614,-2242
1104,2016081615,4513
1105,2016081616,2002
1106,2016081617,6289
1107,2016081618,1364
1108,2016081619,5424
1109,2016081620,5339
1110,2016081621,6756
1111,2016081622,8824
1112,2016081623,-1507
1113,2016081700,11293
1114,2016081701,2804
1115,2016081702,8538
1116,2016081703,9152
1117,2016081704,2826
1118,2016081705,-4022
1119,2016081706,4109
1120,2016081707,8576
1121,2016081708,9247
1122,2016081709,9810
1123,2016081710,5884
1124,2016081711,4060
1125,2016081712,9248
1126,2016081713,9267
1127,2016081714,4798
1128,2016081715,11866
1129,2016081716,7629
1130,2016081717,6336
1131,2016081718,6621
1132,2016081719,7878
1133,2016081720,7659
1134,2016081721,2145
1135,2016081722,8917
1136,2016081723,-6303
1137,2016081800,11000
1138,2016081801,6531
1139,2016081802,4549
1140,2016081803,5694
1141,2016081804,-1957
1142,2016081805,4781
1143,2016081806,5799
1144,2016081807,7210
1145,2016081808,-10767
1146,2016081809,8481
1147,2016081810,5973
1148,2016081811,-8074
1149,2016081812,1985
1150,2016081813,2892
1151,2016081814,3207
1152,2016081815,2608
1153,2016081816,4376
1154,2016081817,3879
1155,2016081818,-1118
1156,2016081819,4838
1157,2016081820,3071
1158,2016081821,-3144
1159,2016081822,4201
1160,2016081823,4754
1161,2016081900,-656
1162,2016081901,-6289
1163,2016081902,2503
1164,2016081903,1800
1165,2016081904,1506
1166,2016081905,1809
1167,2016081906,1081
1168,2016081907,279
1169,2016081908,2415
1170,2016081909,56
1171,2016081910,2570
1172,2016081911,-2559
1173,2016081912,1958
1174,2016081913,9036
1175,2016081914,-6202
1176,2016081915,7984
1177,2016081916,-5166
1178,2016081917,6601
1179,2016081918,2854
1180,2016081919,4438
1181,2016081920,949
1182,2016081921,7583
1183,2016081922,5276
1184,2016081923,-1499
1185,2016082000,7677
1186,2016082001,-2828
1187,2016082002,6559
1188,2016082003,7832
1189,2016082004,3030
1190,2016082005,978
1191,2016082006,78
1192,2016082007,3956
1193,2016082008,4159
1194,2016082009,308
1195,2016082010,2752
1196,2016082011,5684
1197,2016082012,3497
1198,2016082013,7814
1199,2016082014,17738
1200,2016082015,10450
1201,2016082016,8482
1202,2016082017,10636
1203,2016082018,-3728
1204,2016082019,8741
1205,2016082020,8531
1206,2016082021,-2196
1207,2016082022,8157
1208,2016082023,12408
1209,2016082100,9307
1210,2016082101,10270
1211,2016082102,8287
1212,2016082103,-6331
1213,2016082104,687
1214,2016082105,1349
1215,2016082106,2871
1216,2016082107,469
1217,2016082108,-365
1218,2016082109,2452
1219,2016082110,4421
1220,2016082111,6368
1221,2016082112,8036
1222,2016082113,8486
1223,2016082114,5780
1224,2016082115,6449
1225,2016082116,-6351
1226,2016082117,2663
1227,2016082118,728
1228,2016082119,6130
1229,2016082120,6102
1230,2016082121,-2392
1231,2016082122,13282
1232,2016082123,486
1233,2016082200,9975
1234,2016082201,3364
1235,2016082202,1576
1236,2016082203,2541
1237,2016082204,-529
1238,2016082205,2353
1239,2016082206,1307
1240,2016082207,2570
1241,2016082208,2976
1242,2016082209,2751
1243,2016082210,4263
1244,2016082211,-877
1245,2016082212,-2207
1246,2016082213,4843
1247,2016082214,7403
1248,2016082215,2608
1249,2016082216,8377
1250,2016082217,1897
1251,2016082218,7637
1252,2016082219,5243
1253,2016082220,3625
1254,2016082221,8646
1255,2016082222,9282
1256,2016082223,2930
1257,2016082300,7930
1258,2016082301,7069
1259,2016082302,2688
1260,2016082303,3447
1261,2016082304,3888
1262,2016082305,4068
1263,2016082306,-1645
1264,2016082307,5019
1265,2016082308,7675
1266,2016082309,9292
1267,2016082310,10706
1268,2016082311,7763
1269,2016082312,4620
1270,2016082313,11732
1271,2016082314,17139
1272,2016082315,13343
1273,2016082316,-1191
1274,2016082317,8634
1275,2016082318,9805
1276,2016082319,2794
1277,2016082320,10942
1278,2016082321,1856
1279,2016082322,12370
1280,2016082323,9320
1281,2016082400,538
1282,2016082401,-490
1283,2016082402,-285
1284,2016082403,8115
1285,2016082404,519
1286,2016082405,7543
1287,2016082406,5127
1288,2016082407,5770
1289,2016082408,4783
1290,2016082409,4971
1291,2016082410,7717
1292,2016082411,8537
1293,2016082412,9401
1294,2016082413,10446
1295,2016082414,14832
1296,2016082415,12889
1297,2016082416,2731
1298,2016082417,9159
1299,2016082418,12922
1300,2016082419,1264
1301,2016082420,-4865
1302,2016082421,3514
1303,2016082422,3994
1304,2016082423,-4296
1305,2016082500,-6326
1306,2016082501,-1260
1307,2016082502,1927
1308,2016082503,5229
1309,2016082504,4636
1310,2016082505,-999
1311,2016082506,23.6
1312,2016082507,349
1313,2016082508,1070
1314,2016082509,1410
1315,2016082510,1935
1316,2016082511,1924
1317,2016082512,2830
1318,2016082513,3645
1319,2016082514,2863
1320,2016082515,2409
1321,2016082516,1608
1322,2016082517,1871
1323,2016082518,1060
1324,2016082519,2287
1325,2016082520,2167
1326,2016082521,1900
1327,2016082522,7549
1328,2016082523,1936
1329,2016082600,1236
1330,2016082601,785
1331,2016082602,812
1332,2016082603,756
1333,2016082604,887
1334,2016082605,852
1335,2016082606,831
1336,2016082607,1274
1337,2016082608,1100
1338,2016082609,499
1339,2016082610,745
1340,2016082611,1098
1341,2016082612,3110
1342,2016082613,3197
1343,2016082614,2185
1344,2016082615,4193
1345,2016082616,3173
1346,2016082617,6761
1347,2016082618,4750
1348,2016082619,5604
1349,2016082620,4397
1350,2016082621,7095
1351,2016082622,3042
1352,2016082623,7167
1353,2016082700,4175
1354,2016082701,903
1355,2016082702,1155
1356,2016082703,54
1357,2016082704,-319
1358,2016082705,1757
1359,2016082706,293
1360,2016082707,847
1361,2016082708,506
1362,2016082709,1258
1363,2016082710,2163
1364,2016082711,2455
1365,2016082712,1921
1366,2016082713,4455
1367,2016082714,5185
1368,2016082715,5130
1369,2016082716,1310
1370,2016082717,3308
1371,2016082718,2356
1372,2016082719,2029
1373,2016082720,3075
1374,2016082721,3231
1375,2016082722,7039
1376,2016082723,8620
1377,2016082800,2591
1378,2016082801,729
1379,2016082802,25.5
1380,2016082803,1039
1381,2016082804,557
1382,2016082805,414
1383,2016082806,630
1384,2016082807,936
1385,2016082808,444
1386,2016082809,456
1387,2016082810,1919
1388,2016082811,2684
1389,2016082812,1818
1390,2016082813,1824
1391,2016082814,2547
1392,2016082815,2572
1393,2016082816,2622
1394,2016082817,3780
1395,2016082818,5689
1396,2016082819,4978
1397,2016082820,9487
1398,2016082821,5004
1399,2016082822,3143
1400,2016082823,2817
1401,2016082900,1019
1402,2016082901,1861
1403,2016082902,1352
1404,2016082903,1580
1405,2016082904,-7.1
1406,2016082905,170
1407,2016082906,836
1408,2016082907,143
1409,2016082908,843
1410,2016082909,780
1411,2016082910,2256
1412,2016082911,3443
1413,2016082912,8660
1414,2016082913,2682
1415,2016082914,3532
1416,2016082915,4758
1417,2016082916,3337
1418,2016082917,3845
1419,2016082918,2017
1420,2016082919,4089
1421,2016082920,4246
1422,2016082921,5458
1423,2016082922,12219
1424,2016082923,3705
1425,2016083000,4158
1426,2016083001,4298
1427,2016083002,-747
1428,2016083003,3632
1429,2016083004,1759
1430,2016083005,1491
1431,2016083006,1661
1432,2016083007,2805
1433,2016083008,958
1434,2016083009,757
1435,2016083010,3140
1436,2016083011,4414
1437,2016083012,4383
1438,2016083013,5644
1439,2016083014,3679
1440,2016083015,7368
1441,2016083016,9527
1442,2016083017,9305
1443,2016083018,7746
1444,2016083019,6215
1445,2016083020,5588
1446,2016083021,3691
1447,2016083022,5494
1448,2016083023,3878
1449,2016083100,1914
1450,2016083101,3498
1451,2016083102,1160
1452,2016083103,1178
1453,2016083104,1992
1454,2016083105,491
1455,2016083106,1382
1456,2016083107,176
1457,2016083108,659
1458,2016083109,901
1459,2016083110,1610
1460,2016083111,1233
1461,2016083112,1437
1462,2016083113,999
1463,2016083114,944
1464,2016083115,2466
1465,2016083116,2034
1466,2016083117,1913
1467,2016083118,1481
1468,2016083119,1728
1469,2016083120,1450
1470,2016083121,969
1471,2016083122,3058
1472,2016083123,2652
1473,2016090100,1618
1474,2016090101,935
1475,2016090102,758
1476,2016090103,534
1477,2016090104,644
1478,2016090105,440
1479,2016090106,1685
1480,2016090107,1876
1481,2016090108,1724
1482,2016090109,674
1483,2016090110,2664
1484,2016090111,2901
1485,2016090112,2973
1486,2016090113,3114
1487,2016090114,3055
1488,2016090115,4682
1489,2016090116,2306
1490,2016090117,2130
1491,2016090118,2201
1492,2016090119,4938
1493,2016090120,4750
1494,2016090121,5439
1495,2016090122,17589
1496,2016090123,11096
1497,2016090200,6685
1498,2016090201,1063
1499,2016090202,3425
1500,2016090203,2834
1501,2016090204,-665
1502,2016090205,1621
1503,2016090206,669
1504,2016090207,1353
1505,2016090208,1153
1506,2016090209,1732
1507,2016090210,3321
1508,2016090211,3912
1509,2016090212,1955
1510,2016090213,2960
1511,2016090214,2903
1512,2016090215,6379
1513,2016090216,3443
1514,2016090217,3872
1515,2016090218,4296
1516,2016090219,3256
1517,2016090220,6709
1518,2016090221,8280
1519,2016090222,2631
1520,2016090223,3683
1521,2016090300,3349
1522,2016090301,1127
1523,2016090302,905
1524,2016090303,2862
1525,2016090304,2847
1526,2016090305,752
1527,2016090306,2532
1528,2016090307,1506
1529,2016090308,2425
1530,2016090309,2061
1531,2016090310,660
1532,2016090311,1619
1533,2016090312,4996
1534,2016090313,7889
1535,2016090314,3701
1536,2016090315,5637
1537,2016090316,3947
1538,2016090317,6809
1539,2016090318,5662
1540,2016090319,-232
1541,2016090320,7709
1542,2016090321,10356
1543,2016090322,9106
1544,2016090323,8051
1545,2016090400,9651
1546,2016090401,9807
1547,2016090402,5616
1548,2016090403,7754
1549,2016090404,7107
1550,2016090405,6306
1551,2016090406,8386
1552,2016090407,4098
1553,2016090408,-2115
1554,2016090409,844
1555,2016090410,10192
1556,2016090411,5558
1557,2016090412,2435
1558,2016090413,8853
1559,2016090414,4145
1560,2016090415,4506
1561,2016090416,1507
1562,2016090417,4738
1563,2016090418,2427
1564,2016090419,2521
1565,2016090420,1264
1566,2016090421,2140
1567,2016090422,5796
1568,2016090423,3537
1569,2016090500,5563
1570,2016090501,3931
1571,2016090502,1735
1572,2016090503,1908
1573,2016090504,3278
1574,2016090505,2376
1575,2016090506,-1271
1576,2016090507,3195
1577,2016090508,1521
1578,2016090509,-954
1579,2016090510,4969
1580,2016090511,5064
1581,2016090512,2289
1582,2016090513,3186
1583,2016090514,4229
1584,2016090515,2469
1585,2016090516,4785
1586,2016090517,6966
1587,2016090518,8667
1588,2016090519,5094
1589,2016090520,-2725
1590,2016090521,4640
1591,2016090522,7458
1592,2016090523,25380
1593,2016090600,621
1594,2016090601,2025
1595,2016090602,2889
1596,2016090603,1954
1597,2016090604,3131
1598,2016090605,-245
1599,2016090606,-1251
1600,2016090607,17.1
1601,2016090608,-1111
1602,2016090609,2939
1603,2016090610,2494
1604,2016090611,5795
1605,2016090612,5262
1606,2016090613,2340
1607,2016090614,1075
1608,2016090615,2895
1609,2016090616,625
1610,2016090617,23236
1611,2016090618,-322
1612,2016090619,4244
1613,2016090620,4030
1614,2016090621,2207
1615,2016090622,2466
1616,2016090623,3122
1617,2016090700,3186
1618,2016090701,1041
1619,2016090702,3595
1620,2016090703,-866
1621,2016090704,-2350
1622,2016090705,2816
1623,2016090706,3963
1624,2016090707,3600
1625,2016090708,-2479
1626,2016090709,5308
1627,2016090710,3232
1628,2016090711,1111
1629,2016090712,1692
1630,2016090713,753
1631,2016090714,825
1632,2016090715,1332
1633,2016090716,1054
1634,2016090717,3192
1635,2016090718,4314
1636,2016090719,4680
1637,2016090720,5536
1638,2016090721,5567
1639,2016090722,5597
1640,2016090723,6715
1641,2016090800,3531
1642,2016090801,3695
1643,2016090802,1108
1644,2016090803,3886
1645,2016090804,83
1646,2016090805,-478
1647,2016090806,2506
1648,2016090807,88
1649,2016090808,1986
1650,2016090809,1235
1651,2016090810,2608
1652,2016090811,-132
1653,2016090812,3079
1654,2016090813,2851
1655,2016090814,5390
1656,2016090815,2260
1657,2016090816,4116
1658,2016090817,5393
1659,2016090818,5131
1660,2016090819,7845
1661,2016090820,7173
1662,2016090821,5061
1663,2016090822,8307
1664,2016090823,7093
1665,2016090900,4005
1666,2016090901,2835
1667,2016090902,1668
1668,2016090903,1438
1669,2016090904,2239
1670,2016090905,1372
1671,2016090906,1512
1672,2016090907,569
1673,2016090908,2450
1674,2016090909,2053
1675,2016090910,1295
1676,2016090911,2872
1677,2016090912,2840
1678,2016090913,2883
1679,2016090914,3578
1680,2016090915,4470
1681,2016090916,7346
1682,2016090917,7247
1683,2016090918,3067
1684,2016090919,1856
1685,2016090920,3931
1686,2016090921,2423
1687,2016090922,3000
1688,2016090923,3589
1689,2016091000,3036
1690,2016091001,819
1691,2016091002,283
1692,2016091003,1433
1693,2016091004,159
1694,2016091005,887
1695,2016091006,209
1696,2016091007,343
1697,2016091008,864
1698,2016091009,798
1699,2016091010,1051
1700,2016091011,1325
1701,2016091012,3948
1702,2016091013,7223
1703,2016091014,7642
1704,2016091015,5877
1705,2016091016,5635
1706,2016091017,3913
1707,2016091018,5803
1708,2016091019,1717
1709,2016091020,482
1710,2016091021,1340
1711,2016091022,1260
1712,2016091023,1928
1713,2016091100,1825
1714,2016091101,-2168
1715,2016091102,1297
1716,2016091103,889
1717,2016091104,973
1718,2016091105,60
1719,2016091106,1837
1720,2016091107,1520
1721,2016091108,1346
1722,2016091109,2764
1723,2016091110,3103
1724,2016091111,-448
1725,2016091112,557
1726,2016091113,2002
1727,2016091114,-1882
1728,2016091115,3440
1729,2016091116,4691
1730,2016091117,4213
1731,2016091118,2990
1732,2016091119,3989
1733,2016091120,7523
1734,2016091121,3747
1735,2016091122,7094
1736,2016091123,9709
1737,2016091200,3993
1738,2016091201,2422
1739,2016091202,2698
1740,2016091203,1941
1741,2016091204,492
1742,2016091205,2041
1743,2016091206,2450
1744,2016091207,2102
1745,2016091208,1691
1746,2016091209,1605
1747,2016091210,4407
1748,2016091211,3508
1749,2016091212,6585
1750,2016091213,3798
1751,2016091214,-423
1752,2016091215,7570
1753,2016091216,3126
1754,2016091217,2809
1755,2016091218,3759
1756,2016091219,4245
1757,2016091220,5479
1758,2016091221,5893
1759,2016091222,11036
1760,2016091223,14267
1761,2016091300,6660
1762,2016091301,1565
1763,2016091302,505
1764,2016091303,4222
1765,2016091304,3914
1766,2016091305,5273
1767,2016091306,-467
1768,2016091307,-4384
1769,2016091308,-2774
1770,2016091309,-6108
1771,2016091310,250
1772,2016091311,4369
1773,2016091312,3587
1774,2016091313,6149
1775,2016091314,5974
1776,2016091315,3266
1777,2016091316,2026
1778,2016091317,-2993
1779,2016091318,161
1780,2016091319,1602
1781,2016091320,-4647
1782,2016091321,5064
1783,2016091322,10163
1784,2016091323,9397
1785,2016091400,7822
1786,2016091401,12268
1787,2016091402,11914
1788,2016091403,-3996
1789,2016091404,8373
1790,2016091405,8537
1791,2016091406,9345
1792,2016091407,3039
1793,2016091408,4862
1794,2016091409,3851
1795,2016091410,4182
1796,2016091411,6182
1797,2016091412,9532
1798,2016091413,621
1799,2016091414,7487
1800,2016091415,-4109
1801,2016091416,4945
1802,2016091417,4570
1803,2016091418,8448
1804,2016091419,8694
1805,2016091420,5936
1806,2016091421,4153
1807,2016091422,4903
1808,2016091423,4181
1809,2016091500,8603
1810,2016091501,1428
1811,2016091502,4520
1812,2016091503,3898
1813,2016091504,3309
1814,2016091505,2746
1815,2016091506,2741
1816,2016091507,3481
1817,2016091508,3447
1818,2016091509,3448
1819,2016091510,3891
1820,2016091522,10625
1821,2016091523,14063
1822,2016091600,1394
1823,2016091601,9047
1824,2016091602,14581
1825,2016091603,-4396
1826,2016091604,-3140
1827,2016091605,2218
1828,2016091606,-1808
1829,2016091607,928
1830,2016091608,7464
1831,2016091609,3714
1832,2016091610,-3732
1833,2016091611,-2469
1834,2016091612,2598
1835,2016091613,2437
1836,2016091614,3922
1837,2016091615,4811
1838,2016091616,3292
1839,2016091617,4360
1840,2016091618,3409
1841,2016091619,2876
1842,2016091620,3416
1843,2016091621,2905
1844,2016091622,6396
1845,2016091623,5865
1846,2016091700,-8601
1847,2016091701,6018
1848,2016091702,2784
1849,2016091703,3635
1850,2016091704,-992
1851,2016091705,3087
1852,2016091706,2634
1853,2016091707,2662
1854,2016091708,5127
1855,2016091709,3686
1856,2016091710,-2812
1857,2016091711,2687
1858,2016091712,7429
1859,2016091713,2915
1860,2016091714,2100
1861,2016091715,2749
1862,2016091716,4821
1863,2016091717,2254
1864,2016091718,2613
1865,2016091719,2913
1866,2016091720,1580
1867,2016091721,2396
1868,2016091722,5053
1869,2016091723,-567
1870,2016091800,1845
1871,2016091801,1509
1872,2016091802,-733
1873,2016091803,2085
1874,2016091804,1665
1875,2016091805,929
1876,2016091806,356
1877,2016091807,1997
1878,2016091808,2166
1879,2016091809,2530
1880,2016091810,4548
1881,2016091811,4681
1882,2016091812,4514
1883,2016091813,4949
1884,2016091814,3080
1885,2016091815,385
1886,2016091816,1338
1887,2016091817,1461
1888,2016091818,1418
1889,2016091819,3500
1890,2016091820,1268
1891,2016091821,1553
1892,2016091822,2111
1893,2016091823,3879
1894,2016091900,4588
1895,2016091901,945
1896,2016091902,715
1897,2016091903,392
1898,2016091904,182
1899,2016091905,1099
1900,2016091906,416
1901,2016091907,750
1902,2016091908,952
1903,2016091909,1374
1904,2016091910,1451
1905,2016091911,4147
1906,2016091912,3549
1907,2016091913,4982
1908,2016091914,6631
1909,2016091915,5273
1910,2016091916,7982
1911,2016091917,7898
1912,2016091918,7627
1913,2016091919,11433
1914,2016091920,5548
1915,2016091921,3614
1916,2016091922,3991
1917,2016091923,4192
1918,2016092000,2547
1919,2016092001,3248
1920,2016092002,2146
1921,2016092003,1755
1922,2016092004,1473
1923,2016092005,1258
1924,2016092006,-2136
1925,2016092007,793
1926,2016092008,821
1927,2016092009,1399
1928,2016092010,2692
1929,2016092011,5600
1930,2016092012,6426
1931,2016092013,5043
1932,2016092014,4882
1933,2016092015,5137
1934,2016092016,8884
1935,2016092017,6177
1936,2016092018,6569
1937,2016092019,6341
1938,2016092020,7223
1939,2016092021,7455
1940,2016092022,8428
1941,2016092023,11515
1942,2016092100,11749
1943,2016092101,9104
1944,2016092102,7159
1945,2016092103,5796
1946,2016092104,1413
1947,2016092105,2856
1948,2016092106,4998
1949,2016092107,2759
1950,2016092108,2965
1951,2016092109,1115
1952,2016092110,7761
1953,2016092111,7958
1954,2016092112,9593
1955,2016092113,12586
1956,2016092114,11379
1957,2016092115,12914
1958,2016092116,15149
1959,2016092117,9736
1960,2016092118,8375
1961,2016092119,9912
1962,2016092120,10107
1963,2016092121,9842
1964,2016092122,9295
1965,2016092123,7657
1966,2016092200,4951
1967,2016092201,548
1968,2016092202,4732
1969,2016092203,4829
1970,2016092204,2455
1971,2016092205,6371
1972,2016092206,7080
1973,2016092207,6359
1974,2016092208,-101
1975,2016092209,4006
1976,2016092210,6707
1977,2016092211,7550
1978,2016092212,15773
1979,2016092213,17805
1980,2016092214,13396
1981,2016092215,8123
1982,2016092216,929
1983,2016092217,687
1984,2016092218,2349
1985,2016092219,5389
1986,2016092220,2476
1987,2016092221,5880
1988,2016092222,9940
1989,2016092223,14905
1990,2016092300,10761
1991,2016092301,11877
1992,2016092302,5358
1993,2016092303,6144
1994,2016092304,8364
1995,2016092305,9201
1996,2016092306,4263
1997,2016092307,3551
1998,2016092308,2659
1999,2016092309,2961
2000,2016092310,663
2001,2016092311,8400
2002,2016092312,5344
2003,2016092313,17048
2004,2016092314,15775
2005,2016092315,13876
2006,2016092316,11641
2007,2016092317,11894
2008,2016092318,7886
2009,2016092319,7977
2010,2016092320,8745
2011,2016092321,11607
2012,2016092322,9616
2013,2016092323,6258
2014,2016092400,4579
2015,2016092401,2912
2016,2016092402,2658
2017,2016092403,4194
2018,2016092404,-1440
2019,2016092405,1744
2020,2016092406,8466
2021,2016092407,9799
2022,2016092408,7368
2023,2016092409,4750
2024,2016092410,11405
2025,2016092411,9661
2026,2016092412,12273
2027,2016092413,12344
2028,2016092414,17174
2029,2016092415,11269
2030,2016092416,7507
2031,2016092417,20490
2032,2016092418,13006
2033,2016092419,6880
2034,2016092420,-641
2035,2016092421,-2180
2036,2016092422,5595
2037,2016092423,4025
2038,2016092500,3541
2039,2016092501,11450
2040,2016092502,5662
2041,2016092503,-2962
2042,2016092504,5547
2043,2016092505,5091
2044,2016092506,8098
2045,2016092507,7199
2046,2016092508,-926
2047,2016092509,7208
2048,2016092510,13553
2049,2016092511,3092
2050,2016092512,4906
2051,2016092513,5563
2052,2016092514,5149
2053,2016092515,3366
2054,2016092516,-1261
2055,2016092517,-2427
2056,2016092518,1292
2057,2016092519,1299
2058,2016092520,-5265
2059,2016092521,2796
2060,2016092522,-212
2061,2016092523,3355
2062,2016092600,6080
2063,2016092601,3974
2064,2016092602,7213
2065,2016092603,4821
2066,2016092604,-3013
2067,2016092605,4218
2068,2016092606,5064
2069,2016092607,4915
2070,2016092608,4597
2071,2016092609,4042
2072,2016092610,3918
2073,2016092611,7729
2074,2016092612,12021
2075,2016092613,9002
2076,2016092614,14565
2077,2016092615,-4864
2078,2016092616,6832
2079,2016092617,11509
2080,2016092618,11816
2081,2016092619,16069
2082,2016092620,-4095
2083,2016092621,997
2084,2016092622,1527
2085,2016092623,158
2086,2016092700,815
2087,2016092701,671
2088,2016092702,586
2089,2016092703,795
2090,2016092704,682
2091,2016092705,921
2092,2016092706,1087
2093,2016092707,1816
2094,2016092708,1065
2095,2016092709,907
2096,2016092710,1589
2097,2016092711,560
2098,2016092712,824
2099,2016092713,1002
2100,2016092714,1379
2101,2016092715,778
2102,2016092716,1944
2103,2016092717,1228
2104,2016092718,1660
2105,2016092719,4298
2106,2016092720,943
2107,2016092721,3041
2108,2016092722,3966
2109,2016092723,3226
2110,2016092800,1156
2111,2016092801,908
2112,2016092802,871
2113,2016092803,979
2114,2016092804,908
2115,2016092805,934
2116,2016092806,778
2117,2016092807,843
2118,2016092808,481
2119,2016092809,807
2120,2016092810,2807
2121,2016092811,3627
2122,2016092812,5542
2123,2016092813,9055
2124,2016092814,7946
2125,2016092815,6756
2126,2016092816,5136
2127,2016092817,6408
2128,2016092818,7176
2129,2016092819,7029
2130,2016092820,7931
2131,2016092821,12844
2132,2016092822,8011
2133,2016092823,13328
2134,2016092900,10072
2135,2016092901,7391
2136,2016092902,2906
2137,2016092903,1905
2138,2016092904,1967
2139,2016092905,1726
2140,2016092906,2155
2141,2016092907,2094
2142,2016092908,3021
2143,2016092909,2840
2144,2016092910,4304
2145,2016092911,3273
2146,2016092912,6234
2147,2016092913,10436
2148,2016092914,8119
2149,2016092915,10560
2150,2016092916,11994
2151,2016092917,19055
2152,2016092918,22571
2153,2016092919,15723
2154,2016092920,13485
2155,2016092921,19679
2156,2016092922,13361
2157,2016092923,11219
2158,2016093000,7249
2159,2016093001,4745
2160,2016093002,4116
2161,2016093003,3574
2162,2016093004,4694
2163,2016093005,4130
2164,2016093006,3705
2165,2016093007,4304
2166,2016093008,4176
2167,2016093009,4884
2168,2016093010,7410
2169,2016093011,7915
2170,2016093012,8438
2171,2016093013,7410
2172,2016093014,7776
2173,2016093015,6454
2174,2016093016,8885
2175,2016093017,7928
2176,2016093018,10637
2177,2016093019,9465
2178,2016093020,10679
2179,2016093021,11596
2180,2016093022,16827
2181,2016093023,19452
2182,2016100100,16442
2183,2016100101,13752
2184,2016100102,11036
2185,2016100103,11453
2186,2016100104,10226
2187,2016100105,5663
2188,2016100106,6395
2189,2016100107,7752
2190,2016100108,3157
2191,2016100109,6746
2192,2016100110,9039
2193,2016100111,11710
2194,2016100112,13424
2195,2016100113,13187
2196,2016100114,16465
2197,2016100115,14127
2198,2016100116,19082
2199,2016100117,26500
2200,2016100118,17330
2201,2016100119,16451
2202,2016100120,21651
2203,2016100121,22410
2204,2016100122,18533
2205,2016100123,13338
2206,2016100200,8235
2207,2016100201,7086
2208,2016100202,9786
2209,2016100203,8064
2210,2016100204,8460
2211,2016100205,8894
2212,2016100206,6037
2213,2016100207,6689
2214,2016100208,6299
2215,2016100209,5752
2216,2016100210,7990
2217,2016100211,9864
2218,2016100212,9087
2219,2016100213,12227
2220,2016100214,5566
2221,2016100215,4076
2222,2016100216,4078
2223,2016100217,868
2224,2016100218,4383
2225,2016100219,10088
2226,2016100220,5908
2227,2016100221,5433
2228,2016100222,-1509
2229,2016100223,7011
2230,2016100300,9683
2231,2016100301,7884
2232,2016100302,3635
2233,2016100303,6204
2234,2016100304,10202
2235,2016100305,2782
2236,2016100306,3398
2237,2016100307,2091
2238,2016100308,3358
2239,2016100309,7471
2240,2016100310,5983
2241,2016100311,18470
2242,2016100312,13761
2243,2016100313,23832
2244,2016100314,14080
2245,2016100315,5420
2246,2016100316,-996
2247,2016100317,-3315
2248,2016100318,552
2249,2016100319,707
2250,2016100320,1993
2251,2016100321,-1063
2252,2016100322,1121
2253,2016100323,-1868
2254,2016100400,1736
2255,2016100401,1883
2256,2016100402,2665
2257,2016100403,2727
2258,2016100404,2375
2259,2016100405,1867
2260,2016100406,3005
2261,2016100407,2686
2262,2016100408,2804
2263,2016100409,2105
2264,2016100410,4345
2265,2016100411,3822
2266,2016100412,3138
2267,2016100413,2938
2268,2016100414,4575
2269,2016100415,5661
2270,2016100416,3981
2271,2016100417,2891
2272,2016100418,3997
2273,2016100419,2243
2274,2016100420,221
2275,2016100421,3458
2276,2016100422,2279
2277,2016100423,3392
2278,2016100500,1972
2279,2016100501,1885
2280,2016100502,3793
2281,2016100503,1205
2282,2016100504,1533
2283,2016100505,966
2284,2016100506,1846
2285,2016100507,2104
2286,2016100508,2545
2287,2016100509,2894
2288,2016100510,5205
2289,2016100511,3190
2290,2016100512,7980
2291,2016100513,13765
2292,2016100514,20334
2293,2016100515,16746
2294,2016100516,11302
2295,2016100517,6924
2296,2016100518,6119
2297,2016100519,3965
2298,2016100520,9241
2299,2016100521,4914
2300,2016100522,3179
2301,2016100523,3048
2302,2016100600,439
2303,2016100601,3178
2304,2016100602,3073
2305,2016100603,3277
2306,2016100604,2818
2307,2016100605,2395
2308,2016100606,2992
2309,2016100607,513
2310,2016100608,2613
2311,2016100609,2368
2312,2016100610,1688
2313,2016100611,2498
2314,2016100612,5166
2315,2016100613,1856
2316,2016100614,1789
2317,2016100615,1194
2318,2016100616,1237
2319,2016100617,1213
2320,2016100618,1248
2321,2016100619,1208
2322,2016100620,1118
2323,2016100621,1263
2324,2016100622,1595
2325,2016100623,1674
2326,2016100700,1546
2327,2016100701,2222
2328,2016100702,302
2329,2016100703,536
2330,2016100704,1230
2331,2016100705,2602
2332,2016100706,2629
2333,2016100707,1728
2334,2016100708,1165
2335,2016100709,2508
2336,2016100710,3196
2337,2016100711,4039
2338,2016100712,3899
2339,2016100713,3991
2340,2016100714,522
2341,2016100715,829
2342,2016100716,7.2
2343,2016100717,748
2344,2016100718,143
2345,2016100719,71
2346,2016100720,507
2347,2016100721,636
2348,2016100722,649
2349,2016100723,790
2350,2016100800,696
2351,2016100801,594
2352,2016100802,668
2353,2016100803,1402
2354,2016100804,603
2355,2016100805,380
2356,2016100806,818
2357,2016100807,1888
2358,2016100808,719
2359,2016100809,1586
2360,2016100810,3183
2361,2016100811,5398
2362,2016100812,7581
2363,2016100813,7106
2364,2016100814,9483
2365,2016100815,4279
2366,2016100816,4541
2367,2016100817,5143
2368,2016100818,4187
2369,2016100819,4223
2370,2016100820,3069
2371,2016100821,6958
2372,2016100822,10671
2373,2016100823,10645
2374,2016100900,11348
2375,2016100901,7748
2376,2016100902,4914
2377,2016100903,2261
2378,2016100904,1681
2379,2016100905,2226
2380,2016100906,839
2381,2016100907,938
2382,2016100908,1576
2383,2016100909,2001
2384,2016100910,8873
2385,2016100911,4846
2386,2016100912,5673
2387,2016100913,5375
2388,2016100914,6516
2389,2016100915,8189
2390,2016100916,7801
2391,2016100917,7399
2392,2016100918,8325
2393,2016100919,8519
2394,2016100920,8886
2395,2016100921,12828
2396,2016100922,11039
2397,2016100923,11624
2398,2016101000,10540
2399,2016101001,11446
2400,2016101002,6114
2401,2016101003,5780
2402,2016101004,6387
2403,2016101005,5091
2404,2016101006,4438
2405,2016101007,4612
2406,2016101008,5008
2407,2016101009,5923
2408,2016101010,9571
2409,2016101011,12894
2410,2016101012,16916
2411,2016101013,24172
2412,2016101014,27570
2413,2016101015,19914
2414,2016101016,19006
2415,2016101017,13523
2416,2016101018,11061
2417,2016101019,5982
2418,2016101020,12364
2419,2016101021,10863
2420,2016101022,15392
2421,2016101023,13348
2422,2016101100,8501
2423,2016101101,7185
2424,2016101102,7241
2425,2016101103,6891
2426,2016101104,5907
2427,2016101105,4825
2428,2016101106,3366
2429,2016101107,3826
2430,2016101108,3311
2431,2016101109,3606
2432,2016101110,6583
2433,2016101111,8176
2434,2016101112,7230
2435,2016101113,5212
2436,2016101114,3509
2437,2016101115,2744
2438,2016101116,2944
2439,2016101117,2231
2440,2016101118,1893
2441,2016101119,2464
2442,2016101120,3222
2443,2016101121,4047
2444,2016101122,4148
2445,2016101123,4909
2446,2016101200,4919
2447,2016101201,4404
2448,2016101202,3993
2449,2016101203,3220
2450,2016101204,2621
2451,2016101205,2123
2452,2016101206,1636
2453,2016101207,1461
2454,2016101208,1929
2455,2016101209,3750
2456,2016101210,5979
2457,2016101211,9290
2458,2016101212,10003
2459,2016101213,12031
2460,2016101214,15627
2461,2016101215,16741
2462,2016101216,13677
2463,2016101217,12404
2464,2016101218,13081
2465,2016101219,12981
2466,2016101220,14689
2467,2016101221,13864
2468,2016101222,30611
2469,2016101223,18852
2470,2016101300,15344
2471,2016101301,9021
2472,2016101302,5085
2473,2016101303,4823
2474,2016101304,6730
2475,2016101305,9132
2476,2016101306,4019
2477,2016101307,7879
2478,2016101308,6269
2479,2016101309,7807
2480,2016101310,9206
2481,2016101311,13240
2482,2016101312,17255
2483,2016101313,20745
2484,2016101314,17120
2485,2016101315,9143
2486,2016101316,21572
2487,2016101317,17830
2488,2016101318,17398
2489,2016101319,18944
2490,2016101320,19870
2491,2016101321,17378
2492,2016101322,13101
2493,2016101323,18292
2494,2016101400,21163
2495,2016101401,18576
2496,2016101402,15118
2497,2016101403,16451
2498,2016101404,11168
2499,2016101405,9102
2500,2016101406,5198
2501,2016101407,7924
2502,2016101408,5238
2503,2016101409,5784
2504,2016101410,19968
2505,2016101411,25669
2506,2016101412,27026
2507,2016101413,14832
2508,2016101414,11592
2509,2016101415,5522
2510,2016101416,5720
2511,2016101417,8101
2512,2016101418,6669
2513,2016101419,9312
2514,2016101420,11076
2515,2016101421,13437
2516,2016101422,16007
2517,2016101423,15392
2518,2016101500,11808
2519,2016101501,13039
2520,2016101502,12791
2521,2016101503,16493
2522,2016101504,16262
2523,2016101505,19309
2524,2016101506,18469
2525,2016101507,14232
2526,2016101508,14354
2527,2016101509,16932
2528,2016101510,16227
2529,2016101511,16557
2530,2016101512,15491
2531,2016101513,13269
2532,2016101514,13402
2533,2016101515,10517
2534,2016101516,9373
2535,2016101517,2507
2536,2016101518,7741
2537,2016101519,7103
2538,2016101520,7710
2539,2016101521,7425
2540,2016101522,6590
2541,2016101523,6293
2542,2016101600,5692
2543,2016101601,4916
2544,2016101602,2455
2545,2016101603,1231
2546,2016101604,5371
2547,2016101605,2828
2548,2016101606,1920
2549,2016101607,2972
2550,2016101608,3669
2551,2016101609,3176
2552,2016101610,4449
2553,2016101611,4797
2554,2016101612,4724
2555,2016101613,6430
2556,2016101614,6479
2557,2016101615,7848
2558,2016101616,7942
2559,2016101617,7318
2560,2016101618,7556
2561,2016101619,9492
2562,2016101620,8434
2563,2016101621,9736
2564,2016101622,7485
2565,2016101623,9044
2566,2016101700,8323
2567,2016101701,8907
2568,2016101702,6225
2569,2016101703,2810
2570,2016101704,902
2571,2016101705,1537
2572,2016101706,1370
2573,2016101707,1508
2574,2016101708,1610
2575,2016101709,2700
2576,2016101710,5769
2577,2016101711,3875
2578,2016101712,6840
2579,2016101713,4039
2580,2016101714,4966
2581,2016101715,6690
2582,2016101716,8240
2583,2016101717,8536
2584,2016101718,3790
2585,2016101719,4750
2586,2016101720,3945
2587,2016101721,4082
2588,2016101722,4497
2589,2016101723,4402
2590,2016101800,3434
2591,2016101801,4508
2592,2016101802,5846
2593,2016101803,6011
2594,2016101804,5938
2595,2016101805,4190
2596,2016101806,3671
2597,2016101807,3526
2598,2016101808,5509
2599,2016101809,5028
2600,2016101810,9293
2601,2016101811,8769
2602,2016101812,8021
2603,2016101813,11647
2604,2016101814,13066
2605,2016101815,8241
2606,2016101816,8377
2607,2016101817,8711
2608,2016101818,8975
2609,2016101819,7530
2610,2016101820,7412
2611,2016101821,8794
2612,2016101822,9600
2613,2016101823,10339
2614,2016101900,14114
2615,2016101901,9387
2616,2016101902,8862
2617,2016101903,10320
2618,2016101904,9922
2619,2016101905,9122
2620,2016101906,7837
2621,2016101907,6983
2622,2016101908,8833
2623,2016101909,6053
2624,2016101910,9235
2625,2016101911,12625
2626,2016101912,10394
2627,2016101913,12671
2628,2016101914,13379
2629,2016101915,12189
2630,2016101916,18727
2631,2016101917,18377
2632,2016101918,13428
2633,2016101919,10554
2634,2016101920,7638
2635,2016101921,2353
2636,2016101922,1453
2637,2016101923,857
2638,2016102000,1040
2639,2016102001,1572
2640,2016102002,1614
2641,2016102003,1691
2642,2016102004,2212
2643,2016102005,2208
2644,2016102006,2091
2645,2016102007,1893
2646,2016102008,1784
2647,2016102009,3553
2648,2016102010,4162
2649,2016102011,4605
2650,2016102012,2836
2651,2016102013,3345
2652,2016102014,2789
2653,2016102015,3492
2654,2016102016,2174
2655,2016102017,2927
2656,2016102018,1909
2657,2016102019,1728
2658,2016102020,1920
2659,2016102021,2648
2660,2016102022,2349
2661,2016102023,2832
2662,2016102100,3662
2663,2016102101,2509
2664,2016102102,2901
2665,2016102103,2380
2666,2016102104,2786
2667,2016102105,2061
2668,2016102106,2800
2669,2016102107,3240
2670,2016102108,3306
2671,2016102109,3379
2672,2016102110,4855
2673,2016102111,5291
2674,2016102112,2525
2675,2016102113,2245
2676,2016102114,3065
2677,2016102115,4992
2678,2016102116,3358
2679,2016102117,3478
2680,2016102118,1904
2681,2016102119,2429
2682,2016102120,1844
2683,2016102121,1813
2684,2016102122,2398
2685,2016102123,2564
2686,2016102200,1716
2687,2016102201,1789
2688,2016102202,458
2689,2016102203,588
2690,2016102204,822
2691,2016102205,1353
2692,2016102206,992
2693,2016102207,736
2694,2016102208,1241
2695,2016102209,2570
2696,2016102210,2151
2697,2016102211,4095
2698,2016102212,2855
2699,2016102213,3411
2700,2016102214,4563
2701,2016102215,4975
2702,2016102216,3712
2703,2016102217,2579
2704,2016102218,1867
2705,2016102219,1878
2706,2016102220,1986
2707,2016102221,4338
2708,2016102222,3933
2709,2016102223,3891
2710,2016102300,2674
2711,2016102301,3044
2712,2016102302,1981
2713,2016102303,1109
2714,2016102304,1207
2715,2016102305,1646
2716,2016102306,1308
2717,2016102307,953
2718,2016102308,1011
2719,2016102309,1749
2720,2016102310,3915
2721,2016102311,4588
2722,2016102312,5355
2723,2016102313,4238
2724,2016102314,3293
2725,2016102315,3813
2726,2016102316,3670
2727,2016102317,3779
2728,2016102318,3931
2729,2016102319,4003
2730,2016102320,5133
2731,2016102321,5426
2732,2016102322,6262
2733,2016102323,8061
2734,2016102400,7303
2735,2016102401,6664
2736,2016102402,6616
2737,2016102403,6505
2738,2016102404,4055
2739,2016102405,2875
2740,2016102406,3036
2741,2016102407,3498
2742,2016102408,3049
2743,2016102409,4537
2744,2016102410,5795
2745,2016102411,6067
2746,2016102412,7657
2747,2016102413,8023
2748,2016102414,9449
2749,2016102415,9894
2750,2016102416,9498
2751,2016102417,10241
2752,2016102418,10885
2753,2016102419,11113
2754,2016102420,9629
2755,2016102421,8464
2756,2016102422,12956
2757,2016102423,15377
2758,2016102500,15161
2759,2016102501,9882
2760,2016102502,10236
2761,2016102503,11251
2762,2016102504,7520
2763,2016102505,4364
2764,2016102506,4696
2765,2016102507,7105
2766,2016102508,4409
2767,2016102509,5968
2768,2016102510,7458
2769,2016102511,6211
2770,2016102512,8424
2771,2016102513,7289
2772,2016102514,8635
2773,2016102515,10529
2774,2016102516,11637
2775,2016102517,20858
2776,2016102518,13201
2777,2016102519,12566
2778,2016102520,13710
2779,2016102521,5069
2780,2016102522,2178
2781,2016102523,2372
2782,2016102600,3637
2783,2016102601,1852
2784,2016102602,1692
2785,2016102603,1208
2786,2016102604,1717
2787,2016102605,1541
2788,2016102606,1141
2789,2016102607,752
2790,2016102608,1017
2791,2016102609,1374
2792,2016102610,1980
2793,2016102611,2796
2794,2016102612,2991
2795,2016102613,2662
2796,2016102614,2560
2797,2016102615,3610
2798,2016102616,2762
2799,2016102617,1390
2800,2016102618,1236
2801,2016102619,1264
2802,2016102620,1023
2803,2016102621,1337
2804,2016102622,1426
2805,2016102623,1804
2806,2016102700,3768
2807,2016102701,3025
2808,2016102702,3280
2809,2016102703,3335
2810,2016102704,3868
2811,2016102705,3641
2812,2016102706,3403
2813,2016102707,3065
2814,2016102708,3631
2815,2016102709,2257
2816,2016102710,2365
2817,2016102711,1749
2818,2016102712,2152
2819,2016102713,2036
2820,2016102714,2036
2821,2016102715,3457
2822,2016102716,2262
2823,2016102717,2180
2824,2016102718,1434
2825,2016102719,2185
2826,2016102720,4924
2827,2016102721,1867
2828,2016102722,2555
2829,2016102723,9242
2830,2016102800,1293
2831,2016102801,1697
2832,2016102802,1764
2833,2016102803,905
2834,2016102804,627
2835,2016102805,593
2836,2016102806,1292
2837,2016102807,494
2838,2016102808,827
2839,2016102809,1101
2840,2016102810,721
2841,2016102811,1077
2842,2016102812,1279
2843,2016102813,2327
2844,2016102814,4219
2845,2016102815,4687
2846,2016102816,8427
2847,2016102817,6814
2848,2016102818,8694
2849,2016102819,8817
2850,2016102820,8817
2851,2016102821,10669
2852,2016102822,11025
2853,2016102823,10443
2854,2016102900,12376
2855,2016102901,3028
2856,2016102902,5531
2857,2016102903,1177
2858,2016102904,755
2859,2016102905,1045
2860,2016102906,1031
2861,2016102907,1030
2862,2016102908,1765
2863,2016102909,1711
2864,2016102910,7974
2865,2016102911,7304
2866,2016102912,5545
2867,2016102913,1940
2868,2016102914,3427
2869,2016102915,3467
2870,2016102916,4012
2871,2016102917,4264
2872,2016102918,4599
2873,2016102919,5242
2874,2016102920,4894
2875,2016102921,4940
2876,2016102922,8132
2877,2016102923,12177
2878,2016103000,13224
2879,2016103001,7328
2880,2016103002,5702
2881,2016103003,7801
2882,2016103004,7610
2883,2016103005,5981
2884,2016103006,4975
2885,2016103007,1282
2886,2016103008,340
2887,2016103009,1331
2888,2016103010,1279
2889,2016103011,873
2890,2016103012,508
2891,2016103013,434
2892,2016103014,1010
2893,2016103015,105
2894,2016103016,346
2895,2016103017,138
2896,2016103018,105
2897,2016103019,112
2898,2016103020,457
2899,2016103021,217
2900,2016103022,547
2901,2016103023,794
2902,2016103100,672
2903,2016103101,1015
2904,2016103102,453
2905,2016103103,1145
2906,2016103104,670
2907,2016103105,898
2908,2016103106,619
2909,2016103107,940
2910,2016103108,1230
2911,2016103109,1292
2912,2016103110,2561
2913,2016103111,2350
2914,2016103112,2239
2915,2016103113,1913
2916,2016103114,2894
2917,2016103115,3134
2918,2016103116,2797
2919,2016103117,4776
2920,2016103118,5065
2921,2016103119,5607
2922,2016103120,5767
2923,2016103121,7717
2924,2016103122,8304
2925,2016103123,10795
2926,2016110100,14457
2927,2016110101,2866
2928,2016110102,2610
2929,2016110103,2063
2930,2016110104,1940
2931,2016110105,2304
2932,2016110106,1601
2933,2016110107,1844
2934,2016110108,1849
2935,2016110109,2720
2936,2016110110,3181
2937,2016110111,2607
2938,2016110112,3836
2939,2016110113,3984
2940,2016110114,6786
2941,2016110115,7505
2942,2016110116,7367
2943,2016110117,6185
2944,2016110118,6062
2945,2016110119,8636
2946,2016110120,8172
2947,2016110121,7768
2948,2016110122,10492
2949,2016110123,9417
2950,2016110200,17927
2951,2016110201,8649
2952,2016110202,8568
2953,2016110203,6241
2954,2016110204,3645
2955,2016110205,4378
2956,2016110206,3753
2957,2016110207,8213
2958,2016110208,4860
2959,2016110209,18390
2960,2016110210,8610
2961,2016110211,12300
2962,2016110212,10438
2963,2016110213,9367
2964,2016110214,9843
2965,2016110215,14979
2966,2016110216,12070
2967,2016110217,11346
2968,2016110218,10951
2969,2016110219,12187
2970,2016110220,11197
2971,2016110221,11218
2972,2016110222,14629
2973,2016110223,18461
2974,2016110300,23996
2975,2016110301,15611
2976,2016110302,11947
2977,2016110303,13191
2978,2016110304,9574
2979,2016110305,9620
2980,2016110306,18529
2981,2016110307,8446
2982,2016110308,8063
2983,2016110309,7881
2984,2016110310,12575
2985,2016110311,14899
2986,2016110312,19411
2987,2016110313,15818
2988,2016110314,18008
2989,2016110315,16069
2990,2016110316,14595
2991,2016110317,16520
2992,2016110318,15150
2993,2016110319,12824
2994,2016110320,15097
2995,2016110321,15506
2996,2016110322,12873
2997,2016110323,12109
2998,2016110400,16350
2999,2016110401,18143
3000,2016110402,18143
3001,2016110403,17867
3002,2016110404,15259
3003,2016110405,12434
3004,2016110406,9644
3005,2016110407,8293
3006,2016110408,8534
3007,2016110409,7322
3008,2016110410,7313
3009,2016110411,6390
3010,2016110412,6225
3011,2016110413,5089
3012,2016110414,8941
3013,2016110415,8069
3014,2016110416,8919
3015,2016110417,7679
3016,2016110418,5966
3017,2016110419,6079
3018,2016110420,6022
3019,2016110421,7787
3020,2016110422,8878
3021,2016110423,9432
3022,2016110500,9147
3023,2016110501,10880
3024,2016110502,9835
3025,2016110503,7956
3026,2016110504,8376
3027,2016110505,4923
3028,2016110506,5893
3029,2016110507,6120
3030,2016110508,6465
3031,2016110509,7016
3032,2016110510,9414
3033,2016110511,6087
3034,2016110512,5652
3035,2016110513,5426
3036,2016110514,3878
3037,2016110515,3494
3038,2016110516,3859
3039,2016110517,3430
3040,2016110518,3088
3041,2016110519,2978
3042,2016110520,2489
3043,2016110521,2950
3044,2016110522,1911
3045,2016110523,2129
3046,2016110600,3325
3047,2016110601,1739
3048,2016110602,1287
3049,2016110603,1293
3050,2016110604,1137
3051,2016110605,952
3052,2016110606,1934
3053,2016110607,1576
3054,2016110608,2133
3055,2016110609,3202
3056,2016110610,5660
3057,2016110611,8898
3058,2016110612,8519
3059,2016110613,6389
3060,2016110614,4535
3061,2016110615,4802
3062,2016110616,3655
3063,2016110617,3911
3064,2016110618,5239
3065,2016110619,6743
3066,2016110620,4629
3067,2016110621,4592
3068,2016110622,14343
3069,2016110623,7505
3070,2016110700,5455
3071,2016110701,2776
3072,2016110702,587
3073,2016110703,1169
3074,2016110704,967
3075,2016110705,1099
3076,2016110706,542
3077,2016110707,1109
3078,2016110708,693
3079,2016110709,783
3080,2016110710,1251
3081,2016110711,2569
3082,2016110712,626
3083,2016110713,1130
3084,2016110714,2384
3085,2016110715,4193
3086,2016110716,916
3087,2016110717,6853
3088,2016110718,3797
3089,2016110719,5469
3090,2016110720,5896
3091,2016110721,6415
3092,2016110722,4639
3093,2016110723,5091
3094,2016110800,5301
3095,2016110801,1404
3096,2016110802,990
3097,2016110803,826
3098,2016110804,1023
3099,2016110805,1512
3100,2016110806,2454
3101,2016110807,2208
3102,2016110808,2259
3103,2016110809,3436
3104,2016110810,4846
3105,2016110811,8651
3106,2016110812,17822
3107,2016110813,12178
3108,2016110814,12703
3109,2016110815,8625
3110,2016110816,15930
3111,2016110817,11813
3112,2016110818,8454
3113,2016110819,8493
3114,2016110820,9717
3115,2016110821,11333
3116,2016110822,12725
3117,2016110823,16941
3118,2016110900,16920
3119,2016110901,13741
3120,2016110902,7860
3121,2016110903,10890
3122,2016110904,8103
3123,2016110905,6015
3124,2016110906,6006
3125,2016110907,5865
3126,2016110908,6711
3127,2016110909,8308
3128,2016110910,9640
3129,2016110911,15830
3130,2016110912,21519
3131,2016110913,11632
3132,2016110914,9939
3133,2016110915,8674
3134,2016110916,8986
3135,2016110917,9795
3136,2016110918,6513
3137,2016110919,4235
3138,2016110920,3673
3139,2016110921,3551
3140,2016110922,3830
3141,2016110923,3410
3142,2016111000,3544
3143,2016111001,4157
3144,2016111002,4309
3145,2016111003,4842
3146,2016111004,4833
3147,2016111005,4372
3148,2016111006,16840
3149,2016111007,4992
3150,2016111008,5146
3151,2016111009,6798
3152,2016111010,9328
3153,2016111011,13646
3154,2016111012,13315
3155,2016111013,15282
3156,2016111014,16524
3157,2016111015,13507
3158,2016111016,18026
3159,2016111017,17746
3160,2016111018,14994
3161,2016111019,15003
3162,2016111020,14839
3163,2016111021,19444
3164,2016111022,21100
3165,2016111023,19151
3166,2016111100,14589
3167,2016111101,11246
3168,2016111102,7485
3169,2016111103,7076
3170,2016111104,4068
3171,2016111105,3711
3172,2016111106,4364
3173,2016111107,4660
3174,2016111108,5470
3175,2016111109,6017
3176,2016111110,8694
3177,2016111111,8915
3178,2016111112,9992
3179,2016111113,13365
3180,2016111114,11295
3181,2016111115,16957
3182,2016111116,8982
3183,2016111117,10598
3184,2016111118,8938
3185,2016111119,6802
3186,2016111120,7712
3187,2016111121,12288
3188,2016111122,11310
3189,2016111123,13290
3190,2016111200,12627
3191,2016111201,4347
3192,2016111202,3297
3193,2016111203,3633
3194,2016111204,3174
3195,2016111205,7770
3196,2016111206,2446
3197,2016111207,2997
3198,2016111208,4220
3199,2016111209,7654
3200,2016111210,9043
3201,2016111211,15923
3202,2016111212,9880
3203,2016111213,5335
3204,2016111214,9060
3205,2016111215,6031
3206,2016111216,3219
3207,2016111217,5743
3208,2016111218,3665
3209,2016111219,6628
3210,2016111220,3636
3211,2016111221,3694
3212,2016111222,3672
3213,2016111223,5336
3214,2016111300,3978
3215,2016111301,3728
3216,2016111302,4543
3217,2016111303,5045
3218,2016111304,4570
3219,2016111305,5758
3220,2016111306,4941
3221,2016111307,5376
3222,2016111308,5781
3223,2016111309,11360
3224,2016111310,12299
3225,2016111311,19057
3226,2016111312,19380
3227,2016111313,17973
3228,2016111314,17413
3229,2016111315,13808
3230,2016111316,15425
3231,2016111317,12255
3232,2016111318,12045
3233,2016111319,13397
3234,2016111320,12414
3235,2016111321,7419
3236,2016111322,186
3237,2016111323,550
3238,2016111400,824
3239,2016111401,496
3240,2016111402,737
3241,2016111403,405
3242,2016111404,698
3243,2016111405,275
3244,2016111406,630
3245,2016111407,925
3246,2016111408,723
3247,2016111409,1344
3248,2016111410,733
3249,2016111411,1976
3250,2016111412,5963
3251,2016111413,1917
3252,2016111414,3286
3253,2016111415,3223
3254,2016111416,4779
3255,2016111417,5182
3256,2016111418,2503
3257,2016111419,4021
3258,2016111420,5133
3259,2016111421,7669
3260,2016111422,9095
3261,2016111423,15326
3262,2016111500,16570
3263,2016111501,4392
3264,2016111502,1801
3265,2016111503,1042
3266,2016111504,1161
3267,2016111505,1722
3268,2016111506,1576
3269,2016111507,1300
3270,2016111508,2246
3271,2016111509,4460
3272,2016111510,8012
3273,2016111511,14166
3274,2016111512,15276
3275,2016111513,25889
3276,2016111514,21715
3277,2016111515,24985
3278,2016111516,19811
3279,2016111517,18229
3280,2016111518,13692
3281,2016111519,11325
3282,2016111520,7724
3283,2016111521,8969
3284,2016111522,9287
3285,2016111523,12577
3286,2016111600,10383
3287,2016111601,4398
3288,2016111602,4587
3289,2016111603,3668
3290,2016111604,4015
3291,2016111605,3839
3292,2016111606,3590
3293,2016111607,3611
3294,2016111608,3464
3295,2016111609,4703
3296,2016111610,8857
3297,2016111611,22691
3298,2016111612,28608
3299,2016111613,25497
3300,2016111614,18748
3301,2016111615,22249
3302,2016111616,19321
3303,2016111617,16947
3304,2016111618,11454
3305,2016111619,8560
3306,2016111620,5418
3307,2016111621,3253
3308,2016111622,3977
3309,2016111623,3116
3310,2016111700,3117
3311,2016111701,2684
3312,2016111702,2688
3313,2016111703,2928
3314,2016111704,3172
3315,2016111705,2936
3316,2016111706,3447
3317,2016111707,3019
3318,2016111708,3613
3319,2016111709,4204
3320,2016111710,4769
3321,2016111711,6871
3322,2016111712,5358
3323,2016111713,6523
3324,2016111714,7173
3325,2016111715,7580
3326,2016111716,9010
3327,2016111717,8481
3328,2016111718,8037
3329,2016111719,8198
3330,2016111720,7986
3331,2016111721,7671
3332,2016111722,7509
3333,2016111723,7047
3334,2016111800,8241
3335,2016111801,7797
3336,2016111802,9947
3337,2016111803,9084
3338,2016111804,9964
3339,2016111805,9764
3340,2016111806,8611
3341,2016111807,9429
3342,2016111808,8734
3343,2016111809,10080
3344,2016111810,11112
3345,2016111811,10156
3346,2016111812,11451
3347,2016111813,10308
3348,2016111814,9083
3349,2016111815,8034
3350,2016111816,7878
3351,2016111817,7615
3352,2016111818,7314
3353,2016111819,8132
3354,2016111820,9470
3355,2016111821,8619
3356,2016111822,9057
3357,2016111823,13707
3358,2016111900,8689
3359,2016111901,2359
3360,2016111902,1254
3361,2016111903,1280
3362,2016111904,1318
3363,2016111905,1277
3364,2016111906,819
3365,2016111907,5926
3366,2016111908,7580
3367,2016111909,8109
3368,2016111910,11130
3369,2016111911,9432
3370,2016111912,8343
3371,2016111913,4681
3372,2016111914,4514
3373,2016111915,2167
3374,2016111916,3920
3375,2016111917,2622
3376,2016111918,2606
3377,2016111919,3305
3378,2016111920,1800
3379,2016111921,1793
3380,2016111922,1272
3381,2016111923,1499
3382,2016112000,1938
3383,2016112001,1851
3384,2016112002,2260
3385,2016112003,2308
3386,2016112004,2173
3387,2016112005,2498
3388,2016112006,3087
3389,2016112007,3433
3390,2016112008,3121
3391,2016112009,4266
3392,2016112010,3784
3393,2016112011,4746
3394,2016112012,3506
3395,2016112013,2177
3396,2016112014,909
3397,2016112015,884
3398,2016112016,414
3399,2016112017,420
3400,2016112018,335
3401,2016112019,311
3402,2016112020,336
3403,2016112021,404
3404,2016112022,470
3405,2016112023,509
3406,2016112100,539
3407,2016112101,648
3408,2016112102,787
3409,2016112103,909
3410,2016112104,549
3411,2016112105,610
3412,2016112106,581
3413,2016112107,653
3414,2016112108,579
3415,2016112109,695
3416,2016112110,400
3417,2016112111,622
3418,2016112112,620
3419,2016112113,447
3420,2016112114,482
3421,2016112115,421
3422,2016112116,375
3423,2016112117,577
3424,2016112118,290
3425,2016112119,440
3426,2016112120,336
3427,2016112121,254
3428,2016112122,567
3429,2016112123,828
3430,2016112200,809
3431,2016112201,904
3432,2016112202,632
3433,2016112203,438
3434,2016112204,450
3435,2016112205,586
3436,2016112206,658
3437,2016112207,581
3438,2016112208,677
3439,2016112209,1441
3440,2016112210,3302
3441,2016112211,3456
3442,2016112212,3184
3443,2016112213,3465
3444,2016112214,8277
3445,2016112215,5588
3446,2016112216,1382
3447,2016112217,712
3448,2016112218,730
3449,2016112219,1340
3450,2016112220,1793
3451,2016112221,3070
3452,2016112222,5017
3453,2016112223,6478
3454,2016112300,7582
3455,2016112301,4651
3456,2016112302,4182
3457,2016112303,3721
3458,2016112304,3047
3459,2016112305,1693
3460,2016112306,2536
3461,2016112307,3019
3462,2016112308,3415
3463,2016112309,6290
3464,2016112310,8697
3465,2016112311,6739
3466,2016112312,12414
3467,2016112313,12875
3468,2016112314,12749
3469,2016112315,9249
3470,2016112316,2349
3471,2016112317,4469
3472,2016112318,5052
3473,2016112319,6611
3474,2016112320,6592
3475,2016112321,10130
3476,2016112322,18152
3477,2016112323,13572
3478,2016112400,8396
3479,2016112401,7832
3480,2016112402,6166
3481,2016112403,3567
3482,2016112404,3918
3483,2016112405,5049
3484,2016112406,3254
3485,2016112407,3133
3486,2016112408,6100
3487,2016112409,9286
3488,2016112410,12064
3489,2016112411,20615
3490,2016112412,22157
3491,2016112413,24699
3492,2016112414,14963
3493,2016112415,16413
3494,2016112416,14134
3495,2016112417,14891
3496,2016112418,19414
3497,2016112419,18213
3498,2016112420,22110
3499,2016112421,21259
3500,2016112422,27239
3501,2016112423,24407
3502,2016112500,29595
3503,2016112501,20785
3504,2016112502,15316
3505,2016112503,10089
3506,2016112504,10405
3507,2016112505,8351
3508,2016112506,7567
3509,2016112507,7889
3510,2016112508,11628
3511,2016112509,15000
3512,2016112510,8947
3513,2016112511,9150
3514,2016112512,10545
3515,2016112513,14383
3516,2016112514,12990
3517,2016112515,17291
3518,2016112516,18488
3519,2016112517,16164
3520,2016112518,18795
3521,2016112519,19086
3522,2016112520,19824
3523,2016112521,18472
3524,2016112522,18553
3525,2016112523,22030
3526,2016112600,22500
3527,2016112601,26354
3528,2016112602,15333
3529,2016112603,13759
3530,2016112604,12472
3531,2016112605,11581
3532,2016112606,10753
3533,2016112607,8502
3534,2016112608,8848
3535,2016112609,15084
3536,2016112610,19347
3537,2016112611,18413
3538,2016112612,20183
3539,2016112613,18926
3540,2016112614,20704
3541,2016112615,22171
3542,2016112616,20609
3543,2016112617,18436
3544,2016112618,19393
3545,2016112619,16757
3546,2016112620,1017
3547,2016112621,662
3548,2016112622,760
3549,2016112623,820
3550,2016112700,632
3551,2016112701,827
3552,2016112702,777
3553,2016112703,767
3554,2016112704,350
3555,2016112705,635
3556,2016112706,932
3557,2016112707,477
3558,2016112708,419
3559,2016112709,1632
3560,2016112710,2383
3561,2016112711,1676
3562,2016112712,3401
3563,2016112713,4712
3564,2016112714,6951
3565,2016112715,4941
3566,2016112716,5193
3567,2016112717,6319
3568,2016112718,6884
3569,2016112719,6846
3570,2016112720,6693
3571,2016112721,8907
3572,2016112722,10409
3573,2016112723,16997
3574,2016112800,22659
3575,2016112801,18996
3576,2016112802,12125
3577,2016112803,9410
3578,2016112804,3288
3579,2016112805,3055
3580,2016112806,3928
3581,2016112807,4569
3582,2016112808,5391
3583,2016112809,9532
3584,2016112810,10550
3585,2016112811,14780
3586,2016112812,17302
3587,2016112813,17089
3588,2016112814,16823
3589,2016112815,19725
3590,2016112816,12419
3591,2016112817,20119
3592,2016112818,17293
3593,2016112819,15021
3594,2016112820,15350
3595,2016112821,15993
3596,2016112822,19681
3597,2016112823,23427
3598,2016112900,25686
3599,2016112901,11221
3600,2016112902,7851
3601,2016112903,9475
3602,2016112904,12828
3603,2016112905,10372
3604,2016112906,5384
3605,2016112907,4856
3606,2016112908,3992
3607,2016112909,5262
3608,2016112910,7373
3609,2016112911,5385
3610,2016112912,7350
3611,2016112913,9036
3612,2016112914,11267
3613,2016112915,6847
3614,2016112916,8551
3615,2016112917,7997
3616,2016112918,6330
3617,2016112919,9444
3618,2016112920,10027
3619,2016112921,8807
3620,2016112922,10451
3621,2016112923,18245
3622,2016113000,16547
3623,2016113001,15934
3624,2016113002,11967
3625,2016113003,9556
3626,2016113004,5710
3627,2016113005,4444
3628,2016113006,4027
3629,2016113007,4818
3630,2016113008,5975
3631,2016113009,8794
3632,2016113010,10315
3633,2016113011,2305
3634,2016113012,1224
3635,2016113013,781
3636,2016113014,970
3637,2016113015,438
3638,2016113016,367
3639,2016113017,876
3640,2016113018,576
3641,2016113019,258
3642,2016113020,526
3643,2016113021,565
3644,2016113022,2642
3645,2016113023,7815
3646,2016120100,3922
3647,2016120101,1012
3648,2016120102,1036
3649,2016120103,779
3650,2016120104,352
3651,2016120105,716
3652,2016120106,862
3653,2016120107,1833
3654,2016120108,3870
3655,2016120109,4754
3656,2016120110,8329
3657,2016120111,13145
3658,2016120112,11547
3659,2016120113,15603
3660,2016120114,10585
3661,2016120115,8086
3662,2016120116,9542
3663,2016120117,10155
3664,2016120118,11482
3665,2016120119,13944
3666,2016120120,13448
3667,2016120121,14178
3668,2016120122,17053
3669,2016120123,19840
3670,2016120200,27447
3671,2016120201,22256
3672,2016120202,12701
3673,2016120203,7468
3674,2016120204,6836
3675,2016120205,7113
3676,2016120206,5782
3677,2016120207,5128
3678,2016120208,6486
3679,2016120209,8721
3680,2016120210,14801
3681,2016120211,17745
3682,2016120212,25382
3683,2016120213,25438
3684,2016120214,23268
3685,2016120215,24698
3686,2016120216,29994
3687,2016120217,28907
3688,2016120218,24715
3689,2016120219,24986
3690,2016120220,23327
3691,2016120221,37382
3692,2016120222,30676
3693,2016120223,24661
3694,2016120300,23895
3695,2016120301,19801
3696,2016120302,12412
3697,2016120303,7882
3698,2016120304,8402
3699,2016120305,9648
3700,2016120306,11926
3701,2016120307,11552
3702,2016120308,13414
3703,2016120309,18198
3704,2016120310,21293
3705,2016120311,30883
3706,2016120312,27400
3707,2016120313,27887
3708,2016120314,28964
3709,2016120315,30797
3710,2016120316,27821
3711,2016120317,27058
3712,2016120318,26735
3713,2016120319,21577
3714,2016120320,9201
3715,2016120321,6880
3716,2016120322,9783
3717,2016120323,11408
3718,2016120400,9524
3719,2016120401,10291
3720,2016120402,22589
3721,2016120403,18823
3722,2016120404,16994
3723,2016120405,13329
3724,2016120406,10186
3725,2016120407,9275
3726,2016120408,11984
3727,2016120409,11150
3728,2016120410,15069
3729,2016120411,11694
3730,2016120412,12825
3731,2016120413,12631
3732,2016120414,13073
3733,2016120415,11742
3734,2016120416,12928
3735,2016120417,11531
3736,2016120418,7010
3737,2016120419,8991
3738,2016120420,4476
3739,2016120421,3359
3740,2016120422,11382
3741,2016120423,7051
3742,2016120500,7612
3743,2016120501,3361
3744,2016120502,581
3745,2016120503,346
3746,2016120504,440
3747,2016120505,546
3748,2016120506,533
3749,2016120507,461
3750,2016120508,422
3751,2016120509,913
3752,2016120510,1772
3753,2016120511,3333
3754,2016120512,2334
3755,2016120513,3724
3756,2016120514,6269
3757,2016120515,4395
3758,2016120516,5332
3759,2016120517,7335
3760,2016120518,5599
3761,2016120519,6240
3762,2016120520,7777
3763,2016120521,8249
3764,2016120522,8330
3765,2016120523,10371
3766,2016120600,12491
3767,2016120601,12276
3768,2016120602,6807
3769,2016120603,6614
3770,2016120604,4877
3771,2016120605,3959
3772,2016120606,4096
3773,2016120607,6181
3774,2016120608,7475
3775,2016120609,9159
3776,2016120610,10636
3777,2016120611,23608
3778,2016120612,20462
3779,2016120613,20626
3780,2016120614,25044
3781,2016120615,29100
3782,2016120616,25235
3783,2016120617,22842
3784,2016121003,2677
3785,2016121004,2736
3786,2016121005,2407
3787,2016121006,2763
3788,2016121007,2897
3789,2016121008,3311
3790,2016121009,6112
3791,2016121010,15108
3792,2016121011,20764
3793,2016121012,17851
3794,2016121013,27895
3795,2016121014,22668
3796,2016121015,22932
3797,2016121016,28176
3798,2016121017,18449
3799,2016121018,18231
3800,2016121019,16843
3801,2016121020,18425
3802,2016121021,16878
3803,2016121022,20090
3804,2016121023,28598
3805,2016121100,28808
3806,2016121101,22286
3807,2016121102,18574
3808,2016121103,12537
3809,2016121104,9316
3810,2016121105,9243
3811,2016121106,8042
3812,2016121107,8374
3813,2016121108,9045
3814,2016121109,14611
3815,2016121110,14213
3816,2016121111,14019
3817,2016121112,17015
3818,2016121113,13203
3819,2016121114,12847
3820,2016121115,16580
3821,2016121116,17228
3822,2016121117,17822
3823,2016121118,14601
3824,2016121119,9731
3825,2016121120,11640
3826,2016121121,12110
3827,2016121122,12616
3828,2016121123,11651
3829,2016121200,12490
3830,2016121201,10566
3831,2016121202,9947
3832,2016121203,9985
3833,2016121204,9394
3834,2016121205,8606
3835,2016121206,7325
3836,2016121207,7439
3837,2016121208,7934
3838,2016121209,13129
3839,2016121210,13170
3840,2016121211,12972
3841,2016121212,13285
3842,2016121213,11473
3843,2016121214,11182
3844,2016121215,16322
3845,2016121216,15228
3846,2016121217,21386
3847,2016121218,19944
3848,2016121219,18972
3849,2016121220,18420
3850,2016121221,16159
3851,2016121222,962
3852,2016121223,946
3853,2016121300,1551
3854,2016121301,1305
3855,2016121302,837
3856,2016121303,1255
3857,2016121304,1275
3858,2016121305,1707
3859,2016121306,1764
3860,2016121307,1870
3861,2016121308,2479
3862,2016121309,3473
3863,2016121310,4505
3864,2016121311,5528
3865,2016121312,9909
3866,2016121313,7851
3867,2016121314,5547
3868,2016121315,2841
3869,2016121316,1433
3870,2016121317,926
3871,2016121318,1025
3872,2016121319,1377
3873,2016121320,1609
3874,2016121321,3035
3875,2016121322,1512
3876,2016121323,3427
3877,2016121400,3710
3878,2016121401,1871
3879,2016121402,1276
3880,2016121403,1567
3881,2016121404,1335
3882,2016121405,1248
3883,2016121406,1936
3884,2016121407,2293
3885,2016121408,3560
3886,2016121409,3659
3887,2016121410,6331
3888,2016121411,5739
3889,2016121412,4887
3890,2016121413,6353
3891,2016121414,7477
3892,2016121415,8768
3893,2016121416,8859
3894,2016121417,9108
3895,2016121418,10346
3896,2016121419,11276
3897,2016121420,11166
3898,2016121421,13940
3899,2016121422,14103
3900,2016121423,20252
3901,2016121500,1302
3902,2016121501,810
3903,2016121502,987
3904,2016121503,1121
3905,2016121504,985
3906,2016121505,691
3907,2016121506,691
3908,2016121507,713
3909,2016121508,1474
3910,2016121509,3256
3911,2016121510,5896
3912,2016121511,9239
3913,2016121512,13226
3914,2016121513,14787
3915,2016121514,12492
3916,2016121515,17946
3917,2016121516,13889
3918,2016121517,11328
3919,2016121518,11331
3920,2016121519,13607
3921,2016121520,15763
3922,2016121521,15031
3923,2016121522,18851
3924,2016121523,27533
3925,2016121600,31130
3926,2016121601,28992
3927,2016121602,19487
3928,2016121603,10797
3929,2016121604,12239
3930,2016121605,9068
3931,2016121606,9631
3932,2016121607,9433
3933,2016121608,12661
3934,2016121609,14872
3935,2016121610,22666
3936,2016121611,28540
3937,2016121612,33465
3938,2016121613,32753
3939,2016121614,34612
3940,2016121615,31251
3941,2016121616,30303
3942,2016121617,30288
3943,2016121618,31807
3944,2016121619,23552
3945,2016121620,26039
3946,2016121621,23510
3947,2016121622,23030
3948,2016121623,20394
3949,2016121700,27190
3950,2016121701,13129
3951,2016121702,9713
3952,2016121703,9694
3953,2016121704,10474
3954,2016121705,9945
3955,2016121706,10415
3956,2016121707,11308
3957,2016121708,13483
3958,2016121709,17741
3959,2016121710,21255
3960,2016121711,25074
3961,2016121712,25556
3962,2016121713,23799
3963,2016121714,21599
3964,2016121715,25309
3965,2016121716,19908
3966,2016121717,22407
3967,2016121718,21719
3968,2016121719,24331
3969,2016121720,21347
3970,2016121721,23796
3971,2016121722,17102
3972,2016121723,15303
3973,2016121800,14246
3974,2016121801,14584
3975,2016121802,12855
3976,2016121803,9926
3977,2016121804,10560
3978,2016121805,9361
3979,2016121806,10001
3980,2016121807,9964
3981,2016121808,9221
3982,2016121809,11728
3983,2016121810,13155
3984,2016121811,30671
3985,2016121812,23012
3986,2016121813,20960
3987,2016121814,26888
3988,2016121815,25080
3989,2016121816,28722
3990,2016121817,24479
3991,2016121818,27033
3992,2016121819,27860
3993,2016121820,25400
3994,2016121821,23246
3995,2016121822,26566
3996,2016121823,31122
3997,2016121900,26745
3998,2016121901,34157
3999,2016121902,22720
4000,2016121903,18354
4001,2016121904,13247
4002,2016121905,10259
4003,2016121906,10115
4004,2016121907,9610
4005,2016121908,12136
4006,2016121909,16906
4007,2016121910,18980
4008,2016121911,17743
4009,2016121912,20447
4010,2016121913,20825
4011,2016121914,26087
4012,2016121915,31164
4013,2016121916,25083
4014,2016121917,12099
4015,2016121918,10231
4016,2016121919,6318
4017,2016121920,10159
4018,2016121921,13499
4019,2016121922,9266
4020,2016121923,9240
4021,2016122000,8048
4022,2016122001,12019
4023,2016122002,11554
4024,2016122003,11916
4025,2016122004,13589
4026,2016122007,13024
4027,2016122008,13005
4028,2016122009,13180
4029,2016122010,15580
4030,2016122011,14722
4031,2016122012,15434
4032,2016122013,12565
4033,2016122014,14315
4034,2016122015,12660
4035,2016122016,12669
4036,2016122017,13487
4037,2016122018,13293
4038,2016122019,11940
4039,2016122020,12458
4040,2016122021,13558
4041,2016122022,11981
4042,2016122023,11242
4043,2016122100,10588
4044,2016122101,11935
4045,2016122102,12835
4046,2016122103,14243
4047,2016122104,14405
4048,2016122105,15345
4049,2016122106,14141
4050,2016122107,12960
4051,2016122108,15424
4052,2016122109,17267
4053,2016122110,19242
4054,2016122111,20368
4055,2016122112,15786
4056,2016122113,19582
4057,2016122114,18629
4058,2016122115,21189
4059,2016122116,18454
4060,2016122117,22306
4061,2016122118,18517
4062,2016122119,16164
4063,2016122120,809
4064,2016122121,325
4065,2016122122,668
4066,2016122123,1489
4067,2016122200,1222
4068,2016122201,1149
4069,2016122202,1298
4070,2016122203,1120
4071,2016122204,834
4072,2016122205,703
4073,2016122206,870
4074,2016122207,601
4075,2016122208,1128
4076,2016122209,969
4077,2016122210,1354
4078,2016122211,1570
4079,2016122212,1945
4080,2016122213,1134
4081,2016122214,970
4082,2016122215,1578
4083,2016122216,1984
4084,2016122217,1762
4085,2016122218,2199
4086,2016122219,2116
4087,2016122220,1714
4088,2016122221,1183
4089,2016122222,1743
4090,2016122223,2581
4091,2016122300,2431
4092,2016122301,1431
4093,2016122302,1815
4094,2016122303,1240
4095,2016122304,1199
4096,2016122305,871
4097,2016122306,1194
4098,2016122307,1287
4099,2016122308,4106
4100,2016122309,4577
4101,2016122310,7430
4102,2016122311,9233
4103,2016122312,13961
4104,2016122313,23713
4105,2016122314,10644
4106,2016122315,4646
4107,2016122316,7973
4108,2016122317,11225
4109,2016122318,9688
4110,2016122319,10940
4111,2016122320,11401
4112,2016122321,12459
4113,2016122322,18180
4114,2016122423,16034
4115,2016122500,11799
4116,2016122501,10816
4117,2016122502,10882
4118,2016122503,9625
4119,2016122504,9216
4120,2016122505,8411
4121,2016122506,9861
4122,2016122507,8322
4123,2016122508,9494
4124,2016122509,11209
4125,2016122510,14688
4126,2016122511,16237
4127,2016122512,20201
4128,2016122513,17990
4129,2016122514,18638
4130,2016122515,16306
4131,2016122516,16572
4132,2016122517,18424
4133,2016122518,14053
4134,2016122519,9960
4135,2016122520,4618
4136,2016122521,2979
4137,2016122522,1381
4138,2016122523,1699
4139,2016122600,3166
4140,2016122601,2330
4141,2016122602,1873
4142,2016122603,1571
4143,2016122604,1002
4144,2016122605,1558
4145,2016122606,919
4146,2016122607,1456
4147,2016122608,1395
4148,2016122609,6048
4149,2016122610,6239
4150,2016122611,11316
4151,2016122612,11252
4152,2016122613,13081
4153,2016122614,13561
4154,2016122615,16242
4155,2016122616,7510
4156,2016122617,6325
4157,2016122618,5995
4158,2016122619,5465
4159,2016122620,2195
4160,2016122621,4276
4161,2016122622,4214
4162,2016122623,7693
4163,2016122700,14243
4164,2016122701,2701
4165,2016122702,693
4166,2016122703,1049
4167,2016122704,652
4168,2016122705,559
4169,2016122706,674
4170,2016122707,471
4171,2016122708,2520
4172,2016122709,4027
4173,2016122710,5749
4174,2016122711,5385
4175,2016122712,4564
4176,2016122713,6380
4177,2016122714,8275
4178,2016122715,9029
4179,2016122716,9736
4180,2016122717,9379
4181,2016122718,9989
4182,2016122719,8679
4183,2016122720,10079
4184,2016122721,10163
4185,2016122722,9907
4186,2016122723,9705
4187,2016122800,9796
4188,2016122801,11320
4189,2016122802,13692
4190,2016122803,851
4191,2016122804,780
4192,2016122805,1059
4193,2016122806,648
4194,2016122807,1024
4195,2016122808,1870
4196,2016122809,891
4197,2016122810,1793
4198,2016122811,586
4199,2016122812,981
4200,2016122813,2618
4201,2016122814,1184
4202,2016122815,1197
4203,2016122816,1461
4204,2016122817,1631
4205,2016122818,1270
4206,2016122819,2011
4207,2016122820,1093
4208,2016122821,1422
4209,2016122822,3332
4210,2016122823,7559
4211,2016122900,12398
4212,2016122901,4529
4213,2016122902,3244
4214,2016122903,3214
4215,2016122904,3475
4216,2016122905,2264
4217,2016122906,2524
4218,2016122907,2989
4219,2016122908,6082
4220,2016122909,6627
4221,2016122910,8817
4222,2016122911,13972
4223,2016122912,16995
4224,2016122913,18997
4225,2016122914,15429
4226,2016122915,15905
4227,2016122916,14798
4228,2016122917,14503
4229,2016122918,14072
4230,2016122919,15318
4231,2016122920,15215
4232,2016122921,14716
4233,2016122922,16900
4234,2016122923,17744
4235,2016123000,12934
4236,2016123001,17730
4237,2016123002,13351
4238,2016123003,17060
4239,2016123004,17766
4240,2016123005,16528
4241,2016123006,13460
4242,2016123007,14228
4243,2016123008,13139
4244,2016123009,16946
4245,2016123010,18084
4246,2016123011,20016
4247,2016123012,25674
4248,2016123013,27061
4249,2016123014,19947
4250,2016123015,25280
4251,2016123016,23930
4252,2016123017,24881
4253,2016123018,24551
4254,2016123019,25526
4255,2016123020,23791
4256,2016123021,21546
4257,2016123022,22659
4258,2016123023,22928
4259,2016123100,30366
4260,2016123101,34282
4261,2016123102,26635
4262,2016123103,24842
4263,2016123104,17906
4264,2016123105,17084
4265,2016123106,14121
4266,2016123107,12797
4267,2016123108,15552
4268,2016123109,18793
4269,2016123110,19103
4270,2016123111,15593
4271,2016123112,8185
4272,2016123113,12982
4273,2016123114,11641
,2016123123,